cell_id,latitude,longitude,population,buildings,road_km,hospitals,schools,vulnerability_index,flood_depth_m,flood_duration_h,building_damage_pct,road_damage_pct,affected_population,estimated_damage_inr,impact_class,flood_depth_m_norm,flood_duration_h_norm,building_damage_pct_norm,road_damage_pct_norm,vulnerability_index_norm,affected_population_norm,estimated_damage_inr_norm,impact_score,evacuation_priority_score,evacuation_population,evacuation_priority,recommended_shelter,shelter_distance_km,shelter_schools
C00095,27.91245149050021,88.08877353900294,2084.6,560,1.39,0,0,0.631,4.96,48.3,100.0,72.7,2084.6,126067852.0,Severe,0.992,0.9752577319587629,1.0,0.8224912320398235,0.6304128902316214,0.045945013741001586,0.06756107069849834,82.34524669130508,61.39918655530992,2084.6,HIGH,C08907,6.65308380507366,6
C00217,26.67531964382581,79.74650519388419,7029.0,1440,0.81,0,5,0.677,3.727,30.9,83.07,50.13,6748.5,296400029.0,Severe,0.7454,0.6164948453608247,0.8306999999999999,0.5671456047064147,0.676737160120846,0.14972907417915596,0.1593678982417182,63.34492126924217,52.967680628908994,6748.5,HIGH,C02516,8.714303283575994,3
C00223,23.258412740168872,80.64288558059913,2697.2,507,1.56,0,1,0.909,5.0,43.5,100.0,76.81,2697.2,123926192.0,Severe,1.0,0.8762886597938144,1.0,0.8689897047177283,0.9103726082578046,0.059576977424702644,0.06640674381946003,83.59267219377487,67.35960827144935,2697.2,HIGH,C04618,3.916597022548322,2
C00259,24.27286676692603,74.86437194733334,6098.6,1151,1.3,3,5,0.799,5.0,45.7,100.0,66.07,6098.6,280577863.0,Severe,1.0,0.9216494845360825,1.0,0.747482746917072,0.7995971802618329,0.13526708724145223,0.1508399565990643,82.74307773025788,66.74269270826477,6098.6,HIGH,C07364,8.883619125705822,1
C00469,22.27294441718194,87.31364227940735,4795.0,1221,4.08,0,6,0.901,3.463,29.9,75.24,47.32,4644.6,221572489.0,Severe,0.6926,0.5958762886597938,0.7524,0.5353546781310103,0.9023162134944612,0.10291175717925612,0.11903682761691554,60.8449420914561,54.701678856784476,4644.6,HIGH,C01972,8.087592785201053,4
C00515,20.65800221216492,90.78644608134742,2860.7,536,2.62,0,0,0.458,5.0,38.1,100.0,75.72,2860.7,131304089.0,Severe,1.0,0.7649484536082475,1.0,0.8566579929856318,0.4561933534743203,0.06321528310913804,0.07038333432303023,77.59280944812309,55.47595862773409,2860.7,HIGH,C07074,2.760652468344207,4
C00626,19.87997726548575,86.70321317172477,8887.3,1786,7.98,2,2,0.677,5.0,39.8,95.67,74.05,8887.3,415698691.0,Severe,1.0,0.7999999999999999,0.9567,0.83776445299242,0.676737160120846,0.19732300811108514,0.22366832509747828,80.61396675811805,64.24943872344923,8887.3,HIGH,C07999,5.097006422441361,6
C00634,19.08090793642902,88.40421166745442,7801.6,1825,0.83,0,7,0.736,5.0,42.3,100.0,76.38,7801.6,422277679.0,Severe,1.0,0.8515463917525773,1.0,0.8641249010069012,0.7361530715005035,0.17316332320838482,0.22721431404309547,83.23024075483328,66.18562357466058,7801.6,HIGH,C10171,4.188731190914449,2
C00649,24.06199618422871,87.85901665633767,39656.4,9872,0.38,6,22,0.676,1.251,13.3,46.88,21.74,20395.3,1077756505.0,High,0.2502,0.2536082474226804,0.46880000000000005,0.2459554248218124,0.675730110775428,0.45340632197336356,0.5805088741003782,35.874725831299656,51.54352467595421,20395.3,HIGH,C06625,14.055880536856266,1
C00664,19.29974080979834,78.51828708627538,5773.6,1211,3.62,0,10,0.487,5.0,40.5,100.0,68.12,5773.6,287879919.0,Severe,1.0,0.8144329896907216,1.0,0.7706754157710148,0.48539778449144005,0.12803498114089257,0.15477566979025384,78.4020965232487,58.078547700208574,5773.6,HIGH,C06659,6.913848401439504,3
C00706,22.592510379531237,72.08049089999189,10953.5,2598,1.45,1,6,0.629,3.604,33.2,73.3,61.53,10143.9,464739979.0,Severe,0.7208,0.663917525773196,0.733,0.6961194705283403,0.6283987915407855,0.2252856681909721,0.2501009413489184,64.25483728979671,54.32022026945405,10143.9,HIGH,C06662,11.902068018858534,5
C00732,18.297771060835952,87.62248108869508,22294.8,4972,1.78,9,13,0.509,4.503,38.7,99.49,67.67,22294.8,1158198338.0,Severe,0.9006000000000001,0.777319587628866,0.9948999999999999,0.7655843421201494,0.5075528700906344,0.49567520055186526,0.6238659756155635,80.09263612704551,66.27954535990911,22294.8,HIGH,C05567,11.21019936564361,1
C00947,18.287702303298325,73.43585241205848,4580.4,941,5.22,1,2,0.902,3.852,38.6,67.29,54.58,4580.4,169660275.0,Severe,0.7704,0.7752577319587629,0.6729,0.6174906663649734,0.9033232628398792,0.10148313806646862,0.09105681959949484,65.87776680183165,58.28429661972257,4580.4,HIGH,C04935,8.184571495698863,4
C01136,20.704625416632503,77.31857582943844,940.4,189,0.76,0,0,0.406,5.0,45.8,97.42,71.2,940.4,44563028.0,Severe,1.0,0.9237113402061855,0.9742000000000001,0.8055209865369386,0.40382678751258816,0.020483549740200495,0.023631030862816052,78.53319590477398,54.629740988172216,940.4,HIGH,C00057,14.881657599544578,2
C01140,22.118404820992936,77.74808287034334,1085.4,223,6.34,0,1,0.807,4.642,40.1,97.86,74.54,1085.4,53486225.0,Severe,0.9284000000000001,0.8061855670103093,0.9786,0.8433080665233624,0.8076535750251763,0.02371018169275788,0.028440517963501534,78.32473479992484,61.34709897047499,1085.4,HIGH,C05138,8.797253960752728,2
C01143,24.44368589880008,86.4827116181303,2206.2,406,1.3,0,2,0.847,3.19,27.1,72.37,54.98,1998.5,77050218.0,Severe,0.638,0.5381443298969072,0.7237,0.6220160651657427,0.8479355488418933,0.04402906194020717,0.04114120364534214,57.814521417967605,50.28628230456078,1998.5,HIGH,C04507,15.217780836463936,1
C01190,21.63947228286601,77.63085409511064,7132.9,1324,4.73,0,7,0.82,3.2,29.7,63.6,49.41,6425.7,229271480.0,Severe,0.64,0.5917525773195876,0.636,0.55899988686503,0.8207452165156092,0.14254592387373854,0.12318648360935791,57.11976546665504,52.214356186662016,6425.7,HIGH,C08228,13.371822651629904,4
C01322,28.835230198969168,72.87824321790661,49383.3,10288,3.16,7,23,0.792,1.328,15.4,50.85,15.86,27513.7,1271868365.0,High,0.2656,0.29690721649484536,0.5085000000000001,0.17943206245050344,0.7925478348439073,0.61180947294636,0.6851326414295167,39.48833746317783,60.53854054082669,27513.7,HIGH,C03773,2.2952048869900565,5
C01331,23.69356327804632,88.80846825221074,5474.9,1288,0.27,0,3,0.981,2.773,25.0,70.65,56.53,4732.8,220619957.0,Severe,0.5546,0.4948453608247423,0.7065,0.6395519855187238,0.9828801611278952,0.10487443951177722,0.11852342526045181,56.67496649118357,53.09868912172596,4732.8,HIGH,C07838,10.619943673173204,4
C01338,18.34678383923019,88.03971133515682,2489.3,566,5.38,0,0,0.58,4.314,40.2,93.47,61.0,2489.3,125916622.0,Severe,0.8628,0.8082474226804124,0.9347,0.690123317117321,0.5790533736153071,0.05495065478376003,0.06747955969585695,72.13527758125613,54.387367093108516,2489.3,HIGH,C07323,9.638699851053113,2
C01348,24.17243104935298,72.89745309854759,25956.6,4999,2.38,2,19,0.716,4.002,31.7,83.41,54.67,25956.6,1062333324.0,Severe,0.8004,0.6329896907216495,0.8341,0.6185088810951466,0.7160120845921449,0.5771598963027248,0.5721959801823086,71.25862288262795,67.00776935507139,25956.6,HIGH,C03345,8.162490804998281,1
C01403,20.55589001374912,84.77434594620925,3060.6,777,3.86,2,4,0.893,4.029,32.8,91.49,78.1,3060.6,165440442.0,Severe,0.8058,0.6556701030927834,0.9148999999999999,0.8835841158502092,0.8942598187311178,0.06766358467683611,0.08878238450851265,72.88179936473816,59.91415105902658,3060.6,HIGH,C03149,8.211211208401028,2
C01445,28.448676393010874,76.17944871638731,4599.9,1181,1.46,1,1,0.689,3.664,33.5,86.19,57.18,4377.8,235967178.0,Severe,0.7328,0.6701030927835051,0.8619,0.646905758569974,0.688821752265861,0.09697475438655052,0.1267953777266889,65.48702242168591,52.98659735251275,4377.8,HIGH,C11093,15.054120737379943,4
C01491,18.29347597616408,82.81138820982171,11593.7,2486,6.42,1,7,0.529,3.641,34.9,94.54,65.08,10524.8,550398205.0,Severe,0.7282,0.6989690721649484,0.9454,0.736282384885168,0.527693856998993,0.233761696540828,0.29626961083078707,69.47584800250817,54.9744417262558,10524.8,HIGH,C07800,6.113071324827274,1
C01503,21.983763566582677,86.65029348155514,4987.8,1022,2.42,0,3,0.768,3.825,23.8,84.95,50.0,4987.8,216430923.0,Severe,0.765,0.47010309278350515,0.8495,0.5656748500961647,0.7683786505538771,0.1105488612214471,0.1162655904298039,61.50438379224275,52.509693920937515,4987.8,HIGH,C10916,8.937685616891368,1
C01563,21.832097535487836,77.4965304818318,1934.3,549,2.65,1,2,0.708,5.0,38.3,100.0,69.01,1934.3,122489511.0,Severe,1.0,0.7690721649484535,1.0,0.7807444281027266,0.7079556898288015,0.04260044282741969,0.06563239145031476,78.38262029618389,60.348884987160424,1934.3,HIGH,C11126,17.513009715222793,11
C01570,28.18197393290641,87.92560984403366,9513.7,2096,3.53,2,9,0.641,4.255,36.5,96.79,63.56,9513.7,479890733.0,Severe,0.851,0.7319587628865979,0.9679000000000001,0.7190858694422446,0.6404833836858006,0.21126205814613308,0.2582670006580045,73.952499779165,59.35471859853468,9513.7,HIGH,C10783,7.687067270528222,3
C01593,22.5966718579087,87.42755806280228,5822.6,1259,3.35,0,5,0.864,4.853,37.4,93.89,74.89,5822.6,283266812.0,Severe,0.9705999999999999,0.7505154639175258,0.9389,0.8472677904740356,0.8650553877139979,0.1291253602145154,0.15228926512939273,79.34809308432159,65.41431501150643,5822.6,HIGH,C00125,11.212056250568768,3
C01658,28.43058791794993,88.50524446191059,3566.1,672,0.57,1,1,0.806,3.081,33.3,79.88,57.35,3124.6,134201784.0,Severe,0.6162,0.6659793814432989,0.7988,0.6488290530603009,0.8066465256797584,0.06908775326279248,0.07194515423177154,61.72953567420696,52.120500633319146,3124.6,HIGH,C06883,7.8583578728576535,1
C01680,26.02828538043396,88.62853340699675,15147.7,3041,2.68,4,11,0.418,5.0,43.5,98.63,73.59,15147.7,722151284.0,Severe,1.0,0.8762886597938144,0.9863,0.8325602443715353,0.4159113796576032,0.3366333989786041,0.388842286067422,82.3681131218975,63.275034642698394,15147.7,HIGH,C07034,5.786523814415463,12
C01700,27.940401366004096,87.44459744689175,2235.0,582,4.3,0,0,0.628,4.92,38.9,97.79,86.22,2235.0,130196651.0,Severe,0.984,0.7814432989690722,0.9779000000000001,0.9754497115058264,0.6273917421953675,0.049291809917999044,0.06978643964774636,80.1317204571965,59.49948111217152,2235.0,HIGH,C09028,12.353312523230318,2
C01744,19.594036416136124,89.62083469949215,2062.1,553,1.48,1,1,0.859,3.249,29.7,61.98,52.68,1896.2,84645960.0,Severe,0.6498,0.5917525773195876,0.6198,0.5959950220613192,0.8600201409869084,0.041752617466092545,0.04523520976995588,56.81458237631924,50.4348829505277,1896.2,HIGH,C06764,10.936480736302892,6
C01765,19.40064270911345,86.87076226045431,6333.1,1520,5.65,1,3,0.849,3.996,30.0,98.5,63.1,6333.1,346393967.0,Severe,0.7992,0.5979381443298969,0.985,0.7138816608213598,0.8499496475327291,0.14048532995093296,0.186313980450087,71.06155219108715,59.59347390673789,6333.1,HIGH,C09481,7.620693808844622,3
C01812,27.878252689538783,90.49703015864594,7523.9,2081,1.42,3,5,0.92,3.413,26.5,76.27,58.55,7256.6,372971681.0,Severe,0.6826,0.5257731958762887,0.7626999999999999,0.6624052494626088,0.9214501510574018,0.16103563759360015,0.2006390225452809,62.27258844380573,56.57375305428998,7256.6,HIGH,C02005,12.159669195323623,1
C01842,21.009996968431707,88.513515711764,2291.9,633,2.0,1,1,0.863,3.532,30.9,81.44,63.18,2226.4,119824619.0,Severe,0.7064,0.6164948453608247,0.8144,0.7147867405815137,0.8640483383685801,0.04910043726426116,0.06419604933002761,64.57676803038781,54.421869333367255,2226.4,HIGH,C11033,3.8636100479732436,3
C01864,19.924127529826634,77.87934018492983,3379.0,671,2.28,2,0,0.749,3.524,28.3,82.58,42.62,3181.5,138156839.0,Severe,0.7048,0.5628865979381443,0.8258,0.4821812422219708,0.7492447129909365,0.0703539281462443,0.07407687742526393,59.48327018016997,50.36939393065385,3181.5,HIGH,C00980,2.801540077410018,2
C01925,25.18435143131701,76.98941791098409,866.6,193,2.41,0,2,0.801,5.0,44.8,100.0,72.25,866.6,45574401.0,Severe,1.0,0.9030927835051545,1.0,0.8174001583889581,0.8016112789526687,0.018841305339519568,0.024176147752814285,81.98851815369953,63.773959786732334,866.6,HIGH,C00950,12.161049022099016,5
C01993,27.415356028702572,75.67396693177078,28255.1,7877,5.41,7,17,0.872,2.893,26.7,59.56,42.69,24265.3,1136248364.0,Severe,0.5786,0.5298969072164949,0.5956,0.4829731870121054,0.8731117824773413,0.5395240161554123,0.6120352251778692,58.04127444830745,63.26702947629268,24265.3,HIGH,C01174,4.5386415825300475,2
C02096,23.789197367625626,90.38050295718618,2491.1,474,10.64,0,3,0.65,4.464,35.7,96.06,66.15,2491.1,113612624.0,Severe,0.8928,0.7154639175257732,0.9606,0.748387826677226,0.649546827794562,0.054990709525240045,0.060847864837180174,72.95264466389291,55.96066847161777,2491.1,HIGH,C05344,9.127403760064498,2
C02152,25.4010717468696,79.3264624289772,1148.9,316,8.26,0,1,0.78,3.813,34.3,79.35,57.82,1148.9,60114928.0,Severe,0.7626000000000001,0.6865979381443298,0.7935,0.6541463966512049,0.7804632426988922,0.025123223961636458,0.03201330264737383,65.05878973521413,53.28861235873211,1148.9,HIGH,C00745,1.447910978672152,1
C02210,22.082913230468648,83.76250334683724,16694.0,4365,0.84,1,17,0.67,2.917,23.2,79.86,39.75,13567.1,790372689.0,Severe,0.5833999999999999,0.4577319587628866,0.7986,0.449711505826451,0.6696878147029205,0.3014608854323131,0.4256127358667641,56.05310415763787,52.3456760064895,13567.1,HIGH,C07056,7.907433156640564,3
C02277,20.262761284775795,88.65181920681437,6392.0,1352,2.03,2,5,0.85,2.813,28.2,68.84,49.26,5362.7,232122781.0,Severe,0.5626,0.5608247422680412,0.6884,0.5573028623147415,0.850956696878147,0.1188913737663696,0.12472329775564109,55.6725474602499,50.93950383258481,5362.7,HIGH,C08200,9.055312746016956,11
C02432,25.274355518908507,87.79299277452982,1125.2,293,1.56,0,0,0.918,5.0,47.0,100.0,77.24,1125.2,66544455.0,Severe,1.0,0.9484536082474226,1.0,0.8738545084285552,0.919436052366566,0.02459583653214949,0.035478734058336625,84.78194273632604,67.58285184200517,1125.2,HIGH,C11851,12.35054804030279,7
C02465,20.969314281814476,77.68023747173187,512.9,114,2.56,0,0,0.897,3.814,33.4,79.9,59.74,512.9,22932820.0,Severe,0.7628,0.668041237113402,0.799,0.6758683108948976,0.8982880161127895,0.010970548638695106,0.011972630139269996,65.87181052576105,55.5469115840418,512.9,HIGH,C06980,22.189155513507846,1
C02599,25.120665295632836,80.59746342144388,2093.1,533,3.49,0,5,0.977,3.601,26.9,83.35,46.26,2093.1,105491171.0,Severe,0.7202,0.534020618556701,0.8334999999999999,0.5233623713089716,0.9788519637462235,0.04613416113132392,0.05647050732256704,61.64195531527048,55.16250384327991,2093.1,HIGH,C02201,5.289483580605697,1
C02611,27.19250017570205,85.70626278747936,2287.5,601,3.71,1,0,0.809,3.601,33.7,99.52,48.85,2220.1,134759690.0,Severe,0.7202,0.6742268041237114,0.9952,0.552664328543953,0.8096676737160121,0.048960245669081075,0.07224585830794458,66.86479341158491,54.67570776867438,2220.1,HIGH,C08713,10.319451973379744,6
C02704,21.17227952426665,82.90394584610584,2871.3,656,1.28,0,1,0.687,5.0,38.1,100.0,87.6,2871.3,152815354.0,Severe,1.0,0.7649484536082475,1.0,0.9910623373684805,0.6868076535750253,0.06345116103118707,0.0819776263169117,81.51341162009521,61.62949949652293,2871.3,HIGH,C11781,8.471379255886195,1
C02732,21.341388100127325,78.57145124292072,1594.8,313,4.75,0,2,0.694,3.89,35.7,81.89,59.97,1584.8,65869593.0,Severe,0.778,0.7154639175257732,0.8189,0.6784704152053399,0.6938569989929506,0.03482314719004862,0.035114992219650025,66.28452756196775,52.5772716308477,1584.8,HIGH,C08220,18.33174060605794,5
C02795,25.85199854663612,90.70888918997552,6566.4,1203,1.19,1,6,0.767,4.568,36.7,98.93,65.07,6566.4,293210349.0,Severe,0.9136,0.7360824742268042,0.9893000000000001,0.7361692499151486,0.7673716012084593,0.145676869499427,0.1576487022164243,76.3371426405091,62.00112776327435,6566.4,HIGH,C03663,6.941873370117502,5
C02855,21.322710504788603,77.71837041911095,28711.9,5371,3.38,4,17,0.425,2.742,24.4,63.66,48.42,20667.9,863832697.0,Severe,0.5484,0.48247422680412366,0.6365999999999999,0.5477995248331259,0.4229607250755287,0.45947239004417145,0.4652067245338587,53.23450356216208,52.098397889511304,20667.9,HIGH,C11852,13.97475800616952,4
C02884,24.77474297022295,75.1847773358819,8566.0,1724,3.87,4,9,0.611,3.65,32.3,74.87,56.79,7965.0,328458196.0,Severe,0.73,0.645360824742268,0.7487,0.6424934947392239,0.6102719033232629,0.17679940362940463,0.1766468332084259,62.7716241339678,52.17427591621339,7965.0,HIGH,C00156,3.8937304692942583,1
C02902,26.008730815395545,86.27433071396402,9930.8,2776,3.41,0,8,0.719,3.517,29.6,86.14,51.02,9264.9,542055597.0,Severe,0.7034,0.5896907216494846,0.8614,0.5772146170381265,0.7190332326283988,0.20572560276822768,0.29177305364819034,63.916244037207335,54.93579660478191,9264.9,HIGH,C05021,12.444567320311952,1
C02947,18.422344698470607,76.76034692865007,9345.6,1740,4.87,2,9,0.619,4.518,36.8,99.3,61.22,9345.6,423897561.0,Severe,0.9036,0.7381443298969071,0.993,0.6926122864577441,0.6183282980866063,0.20752139034458206,0.22808740936796978,75.14178405874907,59.86268534067135,9345.6,HIGH,C00791,11.718126568870602,7
C02965,27.68646611973652,80.6513405334215,8184.3,2280,5.06,1,10,0.908,2.825,28.7,69.64,44.27,7001.6,370374175.0,Severe,0.5650000000000001,0.5711340206185567,0.6964,0.5008485122751443,0.9093655589123867,0.1553612158839303,0.19923900060236593,56.347056081996726,53.33996233178859,7001.6,HIGH,C09470,6.41178801341425,5
C02967,26.46832367696966,77.32349870501668,3585.5,747,4.14,0,0,0.759,4.233,39.7,89.58,64.87,3585.5,164141881.0,Severe,0.8465999999999999,0.797938144329897,0.8957999999999999,0.7339065505147642,0.7593152064451159,0.07934399234509384,0.08808247702255743,73.11870312740876,58.69633226106451,3585.5,HIGH,C01606,6.015331973905129,14
C03001,27.706545697022666,80.05480445487764,13419.2,3020,2.44,4,13,0.69,2.749,26.5,76.04,51.08,10563.5,540430505.0,Severe,0.5498000000000001,0.5257731958762887,0.7604000000000001,0.5778934268582419,0.6898288016112789,0.23462287348264851,0.29089715020109314,56.75234159867364,51.38530431623713,10563.5,HIGH,C06402,18.911838029162784,4
C03006,26.523243176927966,72.52528387627687,5566.6,1328,5.62,0,3,0.716,4.49,38.1,99.87,70.86,5566.6,306534654.0,Severe,0.898,0.7649484536082475,0.9987,0.8016743975562847,0.7160120845921449,0.12342868587068996,0.16483032927487645,77.1643341597156,60.797518512371084,5566.6,HIGH,C10965,4.485136802908394,1
C03019,23.246659807245912,90.25297701137002,9804.3,2483,1.82,3,8,0.958,3.053,29.7,68.03,50.85,8912.5,411215890.0,Severe,0.6106,0.5917525773195876,0.6803,0.5752913225477996,0.959718026183283,0.19788377449180547,0.2212521536754599,59.50461278389495,56.96999511355798,8912.5,HIGH,C08239,7.267230750054792,5
C03082,18.891127808712703,75.21816619419644,13304.8,3490,3.41,2,10,0.79,4.363,37.3,94.08,66.91,13304.8,751253305.0,Severe,0.8726,0.7484536082474226,0.9408,0.7569860843986876,0.7905337361530715,0.2956240194933075,0.4045278967967803,77.3711409405904,65.89453314391292,13304.8,HIGH,C03972,10.552770161863796,5
C03208,27.88140899891362,83.79889771529804,790.1,148,4.98,0,1,0.886,5.0,42.9,100.0,83.1,790.1,37156160.0,Severe,1.0,0.8639175257731958,1.0,0.9401516008598257,0.8872104733131924,0.017138978826618603,0.01963882536713103,83.69647529348883,65.92697345072887,790.1,HIGH,C09965,8.492443656145872,3
C03231,19.988719112235824,85.863675889578,1968.4,369,2.74,0,0,0.939,4.773,40.3,94.66,74.48,1968.4,87004521.0,Severe,0.9545999999999999,0.8103092783505154,0.9466,0.8426292567032471,0.9405840886203424,0.04335925765212457,0.046506443466318284,79.70334414741824,65.26224472967436,1968.4,HIGH,C00432,4.122500859137989,3
C03240,28.26868321307206,89.03976586067115,13912.2,2986,6.4,6,10,0.731,3.427,28.1,79.03,47.91,12792.1,579045939.0,Severe,0.6854,0.5587628865979382,0.7903,0.542029641362145,0.7311178247734139,0.2842150939617477,0.3117103667769876,61.643702442195426,55.92596481526202,12792.1,HIGH,C02898,7.452765376418371,4
C03277,23.08156661302048,73.31962156946098,1580.3,318,7.96,2,1,0.815,3.985,32.9,87.03,56.22,1580.3,69900683.0,Severe,0.7969999999999999,0.6577319587628866,0.8703,0.6360448014481276,0.8157099697885196,0.034723010336348566,0.0372876972889993,66.98149051408723,55.17597852886722,1580.3,HIGH,C02091,3.3495474022509026,1
C03366,23.69948204656076,87.0264762941809,4879.8,972,1.41,0,2,0.708,4.158,35.2,81.47,65.52,4879.8,201334751.0,Severe,0.8316000000000001,0.7051546391752578,0.8147,0.7412603235660142,0.7079556898288015,0.10814557673264574,0.10812895010865786,69.2673069432976,56.1783783328746,4879.8,HIGH,C05506,13.310199239009503,3
C03380,27.242149942487917,78.11738370279683,789.8,173,3.91,0,0,0.708,4.83,40.8,100.0,72.96,789.8,41331306.0,Severe,0.966,0.8206185567010309,1.0,0.8254327412603235,0.7079556898288015,0.01713230303637193,0.021889174746448622,78.83687976654272,59.87086402782921,789.8,HIGH,C06994,5.42969456732376,2
C03520,24.10955341770923,82.77217988507813,7331.4,1452,5.12,3,5,0.899,5.0,41.5,100.0,74.38,7331.4,350287630.0,Severe,1.0,0.8350515463917526,1.0,0.8414979070030546,0.9003021148036254,0.16270013462843663,0.18841261415423097,83.6068804644801,69.28037137771122,7331.4,HIGH,C03719,9.425760897665654,13
C03591,18.33879048858884,79.54615739351748,11296.0,2724,0.87,4,7,0.947,3.571,26.6,66.78,53.78,11291.2,463044316.0,Severe,0.7142000000000001,0.5278350515463918,0.6678000000000001,0.6084398687634348,0.9486404833836858,0.25081611535765547,0.24918700105088287,61.48507074220686,59.01089698375143,11291.2,HIGH,C00327,7.112426168740928,1
C03647,24.448867052870675,82.0048036979438,18712.9,5310,0.24,5,15,0.643,3.55,30.8,81.73,56.46,17210.1,987752943.0,Severe,0.71,0.6144329896907217,0.8173,0.6387600407285892,0.6424974823766365,0.3825272316610478,0.5319981250432022,66.4437215105997,59.005049715350985,17210.1,HIGH,C11631,4.972805171566884,4
C03657,23.41941000049444,72.04169390208844,551.8,114,2.29,1,1,0.819,3.832,33.3,83.87,55.64,551.8,24149795.0,Severe,0.7664,0.6659793814432989,0.8387,0.6294829731870121,0.8197381671701913,0.011836176107346707,0.012628563832581567,65.39973361594703,53.843429810015174,551.8,HIGH,C04410,10.246278825922102,1
C03770,23.39518269919365,74.24675156164957,3428.4,823,0.42,0,2,0.85,3.153,28.0,68.52,47.6,3085.3,138579083.0,Severe,0.6306,0.5567010309278351,0.6851999999999999,0.5385224572915488,0.850956696878147,0.06821322474047865,0.07430446144827069,56.337525933379816,50.38349320163476,3085.3,HIGH,C11127,8.238848264330487,2
C03862,23.796221545617524,73.39090347756263,1891.6,357,4.35,0,2,0.476,5.0,42.2,100.0,70.24,1891.6,87724082.0,Severe,1.0,0.8494845360824743,1.0,0.7946600294150922,0.4743202416918429,0.04165025534897693,0.04689427748451337,78.23017627127601,56.02049677113668,1891.6,HIGH,C09819,8.140360431463892,2
C03936,26.87989889928891,79.61445718835384,15503.0,4155,2.64,1,13,0.53,3.906,32.9,79.85,61.53,14814.9,775348515.0,Severe,0.7812,0.6577319587628866,0.7985,0.6961194705283403,0.5287009063444109,0.329227722331631,0.4175149015309925,67.71820704791452,56.57401514239814,14814.9,HIGH,C09453,12.563335695966039,2
C03954,21.18308606306262,87.53613722297932,6904.9,1810,1.14,1,2,0.76,5.0,34.9,100.0,74.56,6904.9,408871500.0,Severe,1.0,0.6989690721649484,1.0,0.8435343364634008,0.7603222557905337,0.1532093861610868,0.21998855796374625,79.88738302952059,64.13265573706076,6904.9,HIGH,C08379,15.527942362310917,1
C04087,27.063597144538463,86.94015842702157,4055.4,792,4.48,2,5,0.429,4.271,35.9,84.56,71.13,4040.1,169823362.0,Severe,0.8542,0.7195876288659794,0.8456,0.8047290417468039,0.4269889224572004,0.08946003983221514,0.09114472137088793,69.2275434688592,50.46698001380631,4040.1,HIGH,C10813,20.780825245009396,1
C04091,23.83870366466777,86.24510848674159,7887.2,1993,11.03,1,6,0.544,4.106,39.2,93.97,63.65,7848.7,433030084.0,Severe,0.8211999999999999,0.7876288659793815,0.9397,0.7201040841724177,0.5427995971802618,0.17421142227711206,0.23300972045952292,72.60506391785339,56.03722152673731,7848.7,HIGH,C09173,6.689181334145894,3
C04102,21.87260839256709,88.33268024097661,862.6,243,1.58,0,1,0.859,5.0,42.9,98.1,80.14,862.6,53577918.0,Severe,1.0,0.8639175257731958,0.981,0.9066636497341328,0.8600201409869084,0.018752294802897293,0.028489939297662727,82.65218214947977,65.00550619312524,862.6,HIGH,C01777,7.739069016172549,2
C04121,18.14050041007682,75.7206460235453,31585.1,7068,8.15,5,18,0.936,2.089,14.1,54.66,30.45,23058.4,972753191.0,Severe,0.4178,0.27010309278350514,0.5466,0.3444959837085643,0.9375629405840886,0.5126673119930572,0.5239134538477236,45.6552435891613,58.37688985990695,23058.4,HIGH,C03753,4.080726838067623,1
C04196,20.239005717657346,77.13870650288315,16133.5,3459,4.05,3,10,0.916,2.713,21.9,73.63,32.08,13510.2,620881709.0,Severe,0.5426,0.43092783505154636,0.7363,0.36293698382169925,0.9174219536757301,0.30019471054886127,0.33425930256337055,53.46564657442114,55.411129841889675,13510.2,HIGH,C01251,2.698613622657956,6
C04356,25.044635619170407,85.35988482249198,1336.4,294,6.82,0,0,0.436,5.0,46.0,100.0,73.24,1336.4,70205241.0,Severe,1.0,0.9278350515463918,1.0,0.8286005204208621,0.4340382678751259,0.02929559286580549,0.037451850088989096,79.85034338074736,55.97480199876359,1336.4,HIGH,C06599,6.249349958028713,2
C04419,23.92215693423327,84.83563121501776,9330.3,2477,6.87,0,5,0.761,3.461,25.2,73.24,56.6,8706.9,431988213.0,Severe,0.6921999999999999,0.49896907216494846,0.7323999999999999,0.6403439303088585,0.7613293051359517,0.19330863290942066,0.23244816554427467,60.143576097106774,53.41003498429726,8706.9,HIGH,C05486,8.936903016399079,1
C04456,22.157399233473758,79.99331018745502,30823.5,7483,6.35,5,23,0.637,2.243,22.6,59.62,28.86,21056.0,1056149379.0,Severe,0.4486,0.44536082474226807,0.5962,0.32650752347550627,0.6364551863041289,0.46810863735994745,0.5688629142745573,48.15654587030341,54.183196630949645,21056.0,HIGH,C07073,10.124062724483677,6
C04459,20.68822237805243,90.0110335733255,8312.1,1547,3.9,1,3,0.853,3.22,28.2,77.58,52.92,7586.5,307582961.0,Severe,0.644,0.5608247422680412,0.7757999999999999,0.5987102613417807,0.8539778449144008,0.16837678160152209,0.16539535311039844,60.65058576156539,54.764769153111004,7586.5,HIGH,C09637,3.5660846329783453,7
C04574,28.234802493369926,73.4039885897493,6233.4,1188,2.96,1,2,0.744,3.867,34.2,81.7,57.24,6233.4,249922318.0,Severe,0.7734,0.6845360824742268,0.8170000000000001,0.6475845683900894,0.7442094662638469,0.1382667423256228,0.1343170166435771,66.6726181849439,55.85429272852301,6233.4,HIGH,C02641,14.566028120076549,1
C04603,20.050949970789134,83.75053463121273,4702.1,916,1.98,0,5,0.726,5.0,39.3,100.0,77.58,4702.1,221688499.0,Severe,1.0,0.7896907216494845,1.0,0.8777010974092092,0.7260825780463243,0.10419128364320128,0.11909935549773568,81.09282728148953,63.27787788229278,4702.1,HIGH,C10100,9.791973251669464,2
C04669,25.078693205856723,79.32454275327136,558.2,117,1.5,0,1,0.699,4.259,35.2,93.94,58.08,558.2,26698709.0,Severe,0.8518000000000001,0.7051546391752578,0.9394,0.657087905871705,0.6988922457200403,0.011978592965942345,0.014002395319632299,69.78741146470081,54.24762014143588,558.2,HIGH,C08911,5.749919587854907,4
C04686,18.56794585591606,89.8169812491131,5599.0,1101,4.62,1,3,0.877,3.505,27.2,59.01,61.05,5431.8,182842861.0,Severe,0.701,0.5402061855670103,0.5901,0.6906889919674171,0.878147029204431,0.12042903078651937,0.09816206196057653,58.850448349795414,53.637154087392915,5431.8,HIGH,C08178,6.595447380400099,12
C04737,26.847623658617916,77.9836547661033,5393.3,1117,7.78,0,4,0.881,4.419,33.3,92.0,68.86,5393.3,251037330.0,Severe,0.8837999999999999,0.6659793814432989,0.92,0.7790474035524381,0.8821752265861027,0.11957230437152999,0.13491799360633042,74.06929659347374,62.14600500102585,5393.3,HIGH,C02177,19.43789185718889,9
C04758,24.95631581550363,75.4492330541781,4425.7,846,1.46,1,1,0.458,5.0,46.0,100.0,69.75,4425.7,205643805.0,Severe,1.0,0.9278350515463918,1.0,0.7891164158841498,0.4561933534743203,0.09804065556260223,0.11045147415795961,80.28153605671265,58.13192906914971,4425.7,HIGH,C05893,6.368483198895307,1
C04762,23.79451089453601,77.1004215599342,1948.3,400,7.23,0,2,0.956,2.921,27.4,62.97,53.07,1724.0,66987705.0,Severe,0.5841999999999999,0.5443298969072164,0.6297,0.6004072858920693,0.957703927492447,0.037920713864503706,0.03571764004207529,55.19737184372684,50.7827755051675,1724.0,HIGH,C05708,25.821748512947106,6
C04763,27.826244301610902,75.70771343753496,9479.0,2135,7.39,1,7,0.582,3.874,34.4,74.78,47.97,9127.2,397778382.0,Severe,0.7748,0.688659793814433,0.7478,0.5427084511822604,0.581067472306143,0.20266141504500598,0.2140095116726712,63.3770398861501,52.95306342920752,9127.2,HIGH,C00899,13.057223216379523,5
C04788,20.69526067347541,84.07673215646737,787.8,166,3.38,0,1,0.832,5.0,41.8,100.0,72.1,787.8,39942188.0,Severe,1.0,0.8412371134020618,1.0,0.8157031338386694,0.8328298086606243,0.017087797768060794,0.02114045821555392,80.94824462036047,63.63542007036642,787.8,HIGH,C05555,17.706523689163024,6
C04859,28.540533164007627,85.10567474430596,678.5,137,4.89,0,1,0.82,3.478,27.4,74.72,54.35,645.3,26835266.0,Severe,0.6956,0.5443298969072164,0.7472,0.614888562054531,0.8207452165156092,0.01391679740089233,0.014075997766155481,59.1776856717242,50.13400103636645,645.3,HIGH,C03704,12.313315447741008,2
C04869,18.949710555802707,79.48050498255911,3117.0,673,5.2,0,3,0.658,3.534,29.5,87.25,60.32,2869.1,140908038.0,Severe,0.7068,0.5876288659793815,0.8725,0.6824301391560131,0.6576032225579054,0.06340220523604481,0.07555973789577902,63.191469313522276,50.0428857052069,2869.1,HIGH,C07952,4.059254720416331,4
C04878,23.347951707441798,88.3353596283429,4125.8,1120,4.25,0,5,0.559,3.995,33.5,88.84,53.18,4037.9,228128267.0,Severe,0.799,0.6701030927835051,0.8884000000000001,0.6016517705622808,0.5579053373615308,0.08941108403707289,0.1225703066744728,65.87181023462844,50.96546247768977,4037.9,HIGH,C09386,20.24814568747023,2
C04934,25.755765027709405,90.60753624833976,5235.9,965,2.06,1,4,0.79,3.264,30.7,80.61,49.98,4738.6,197144715.0,Severe,0.6527999999999999,0.6123711340206185,0.8061,0.5654485801561262,0.7905337361530715,0.10500350478987952,0.10587057521304502,60.75979868157323,52.350879573639396,4738.6,HIGH,C06850,4.097288662728862,5
C04994,21.809927004085264,78.06377439589842,8174.1,2052,4.0,1,6,0.78,5.0,43.6,100.0,80.51,8174.1,468254895.0,Severe,1.0,0.8783505154639175,1.0,0.9108496436248444,0.7804632426988922,0.18145242943133394,0.251995435347201,85.00360508799751,68.0925324392394,8174.1,HIGH,C05022,23.21744583946925,3
C05017,24.03755366474239,82.83485955432349,1908.0,479,2.43,0,1,0.879,3.065,28.2,78.72,48.65,1701.0,88580757.0,Severe,0.613,0.5608247422680412,0.7872,0.5504016291435683,0.8801611278952669,0.03740890327892564,0.047356014164985596,58.08145069945388,50.74506512826641,1701.0,HIGH,C09142,7.610033936208133,4
C05019,28.358801350465445,87.50246407247955,2035.7,433,1.94,0,0,0.797,3.288,31.4,85.38,57.19,1854.6,89077405.0,Severe,0.6576,0.6268041237113402,0.8538,0.6470188935399932,0.797583081570997,0.040826907885220906,0.04762370097606701,62.66193738997157,51.7703421277058,1854.6,HIGH,C07730,16.562933661575627,7
C05047,25.954715241345525,89.94480763293957,50000.0,10270,2.78,4,25,0.736,1.094,11.3,34.53,21.63,25047.6,938971124.0,High,0.21880000000000002,0.21237113402061858,0.3453,0.24471094015160086,0.7361530715005035,0.5569322518553133,0.5057053592073169,32.61036391371419,56.09355970689982,25047.6,HIGH,C09983,5.991927569435513,1
C05051,23.41910573648152,86.36227190406373,3350.4,792,3.27,0,5,0.697,3.495,30.1,85.3,60.01,3093.9,159218094.0,Severe,0.6990000000000001,0.6,0.853,0.6789229550854169,0.6968781470292044,0.06840459739421655,0.08542861988334792,63.19984478369115,50.92554195388049,3093.9,HIGH,C02872,5.269558507435314,1
C05197,26.82633970541348,83.18359060910795,747.3,155,5.36,0,0,0.876,3.429,24.8,73.09,48.53,714.6,29615288.0,Severe,0.6858,0.4907216494845361,0.7309,0.5490440095033375,0.877139979859013,0.015458904947873206,0.015574393458710723,57.01629727304155,50.06321941426714,714.6,HIGH,C02110,2.778421718916012,1
C05301,24.722778191183902,86.79629398399696,3942.6,1036,5.95,2,3,0.786,4.336,37.4,82.16,63.08,3942.6,201454657.0,Severe,0.8672000000000001,0.7505154639175258,0.8216,0.7136553908813213,0.7865055387713998,0.08729040800204724,0.10819357788279474,71.27118519716984,58.64955185664572,3942.6,HIGH,C04566,21.09812799836447,7
C05317,18.89562253860658,79.45365459372391,1830.5,467,1.11,0,1,0.842,4.615,41.3,100.0,74.71,1830.5,106233333.0,Severe,0.923,0.8309278350515463,1.0,0.8452313610136892,0.8429003021148036,0.040290619402071716,0.05687052298574459,79.68161648389793,63.02961376527635,1830.5,HIGH,C07952,7.9460441579184975,4
C05319,25.871304021988404,87.32303558910871,1718.3,424,5.77,0,2,0.915,4.027,31.2,83.51,56.27,1718.3,85163384.0,Severe,0.8054,0.622680412371134,0.8351000000000001,0.6366104762982238,0.9164149043303123,0.03779387384981697,0.04551409457476128,66.66321221636106,57.029950038059575,1718.3,HIGH,C11640,9.555781177451394,6
C05323,22.383572657400297,73.19264184282325,11968.7,2730,1.11,0,8,0.969,3.39,29.0,68.98,46.75,11639.2,478776931.0,Severe,0.678,0.5773195876288659,0.6898000000000001,0.528905984839914,0.9707955689828801,0.2585600320437932,0.2576666758695102,61.09059968069317,59.50988280157019,11639.2,HIGH,C03388,7.302439286367343,1
C05473,23.88260021429362,77.76411856288992,10188.5,2244,5.61,3,8,0.694,4.738,44.1,100.0,64.81,10188.5,527092119.0,Severe,0.9476000000000001,0.888659793814433,1.0,0.7332277406946487,0.6938569989929506,0.22627813567431046,0.28370793366682145,81.01495459670627,65.31077729322797,10188.5,HIGH,C02066,6.45572259769314,3
C05484,28.06117315297454,80.72559675274188,3134.8,840,4.21,1,4,0.703,3.989,30.2,75.79,56.26,3134.8,152806717.0,Severe,0.7978,0.6020618556701031,0.7579,0.6364973413282046,0.702920443101712,0.06931473013117928,0.08197297108627086,63.210128744488436,51.93995654830042,3134.8,HIGH,C11247,7.523846406477233,2
C05575,18.678483016791837,85.47375699513786,4832.0,1288,1.99,1,3,0.897,2.866,26.8,69.86,47.02,4155.9,212065298.0,Severe,0.5732,0.5319587628865979,0.6986,0.5319606290304333,0.8982880161127895,0.09203689486742993,0.11391257534743712,55.32070996289997,50.923354692230696,4155.9,HIGH,C10927,1.8106160813043204,1
C05595,20.19325994404491,84.59750634928201,1299.0,340,3.79,1,0,0.833,3.544,31.8,79.97,53.68,1255.2,64513396.0,Severe,0.7088,0.6350515463917525,0.7997,0.6073085190632425,0.8338368580060422,0.027488678972373354,0.03438401967948439,62.55969442903607,52.633498983735635,1255.2,HIGH,C06753,10.955469140626972,1
C05599,22.46954309489813,74.33431521314527,14011.1,3303,2.77,2,10,0.68,3.23,27.3,61.72,50.39,12210.6,513843148.0,Severe,0.646,0.5422680412371134,0.6172,0.5700871139269148,0.6797583081570997,0.2712751872002849,0.2765669106543455,56.61049486257651,52.467323702606365,12210.6,HIGH,C08465,23.1305417028059,1
C05648,25.226739075094564,87.21634450847407,6979.7,1690,2.77,1,8,0.796,4.507,37.1,88.24,65.03,6979.7,352629510.0,Severe,0.9014,0.7443298969072165,0.8824,0.7357167100350719,0.796576032225579,0.15487388319592332,0.18967485700859732,74.51044831388948,61.97550407303054,6979.7,HIGH,C04316,13.501292847435886,1
C05652,19.978831455359508,86.40869914906456,3779.2,796,4.4,1,1,0.75,3.774,32.2,83.57,61.6,3729.0,165160302.0,Severe,0.7548,0.643298969072165,0.8356999999999999,0.696911415318475,0.7502517623363545,0.08253724534641788,0.08863139269286788,65.92658239080052,54.06075820884546,3729.0,HIGH,C02203,14.93284323280518,4
C05701,22.20570744903649,87.11055149947556,17964.1,3835,2.11,1,9,0.775,3.028,28.1,75.21,36.14,15428.8,704503926.0,Severe,0.6056,0.5587628865979382,0.7521,0.4088697816495079,0.7754279959718027,0.3428886144397343,0.37933058968078176,57.990601673957855,56.572674507966994,15428.8,HIGH,C11454,7.965672582256665,2
C05735,24.629311563610933,77.08317974779196,2307.8,613,3.86,0,1,0.767,3.813,32.8,84.19,47.01,2303.3,120982558.0,Severe,0.7626000000000001,0.6556701030927834,0.8419,0.5318474940604141,0.7673716012084593,0.05081166483082435,0.06482016338734145,63.81286975318204,52.95817921440413,2303.3,HIGH,C08477,15.847159689176204,1
C05739,18.22833237626236,81.40913269958439,1601.6,455,1.96,1,1,0.684,4.271,36.5,84.99,69.62,1601.6,89164439.0,Severe,0.8542,0.7319587628865979,0.8499,0.7876456612738998,0.6837865055387714,0.035196991443862166,0.04767061116983737,70.76188421710685,55.014422373711426,1601.6,HIGH,C06301,11.430560613469448,1
C05774,22.29252444207746,74.46404499948605,1342.9,293,0.45,1,0,0.822,4.231,35.9,83.94,60.07,1342.9,60449740.0,Severe,0.8462,0.7195876288659794,0.8393999999999999,0.6796017649055323,0.8227593152064451,0.029440234987816682,0.032193761959787834,69.47790402726778,56.990874237169734,1342.9,HIGH,C00532,24.61560421939814,4
C05793,21.29645905074764,72.17288668394337,12413.9,2612,4.44,2,9,0.624,3.323,28.2,73.72,46.62,10853.3,477346791.0,Severe,0.6646,0.5608247422680412,0.7372,0.527435230229664,0.6233635448136958,0.24107168686093217,0.25689584901427276,58.44591271041325,51.55979993265015,10853.3,HIGH,C11007,9.384594090473025,7
C05809,27.636225826844196,80.54752904145758,1761.5,496,3.23,0,0,0.76,3.818,35.6,85.37,52.93,1756.7,97728073.0,Severe,0.7636000000000001,0.7134020618556701,0.8537,0.5988233963117999,0.7603222557905337,0.03864837500139079,0.05228629849109584,66.02894034557988,53.724285734191554,1756.7,HIGH,C11928,8.234441469307576,2
C05837,21.38432158103272,82.82669989668187,6271.2,1654,2.93,1,5,0.75,3.602,34.7,77.87,55.5,5993.9,304162132.0,Severe,0.7203999999999999,0.6948453608247424,0.7787000000000001,0.6278990836067428,0.7502517623363545,0.13293723644536423,0.16355157078113342,64.64972607831004,54.704540936374514,5993.9,HIGH,C07733,3.185408773059275,1
C05846,24.46151064070237,81.81812071249337,4608.2,978,4.95,2,4,0.874,3.485,33.6,72.22,60.52,4451.2,181302331.0,Severe,0.697,0.6721649484536083,0.7222,0.6846928385563978,0.8751258811681772,0.09860809773356921,0.09733173633140808,63.76061396255557,55.65228497896162,4451.2,HIGH,C11499,8.635808590441206,4
C05978,27.638569308081184,82.91139561997718,20003.0,4319,9.86,1,14,0.773,2.655,26.6,61.67,30.89,15827.4,670100507.0,Severe,0.5309999999999999,0.5278350515463918,0.6167,0.34947392238941055,0.7734138972809668,0.3517585144141438,0.36078759439557423,51.86136861789361,54.202916134026125,15827.4,HIGH,C04299,3.1361361015627587,6
C06003,21.20458080940541,77.08637953947851,2542.8,687,0.45,0,0,0.982,3.444,30.5,83.04,39.73,2505.7,132794388.0,Severe,0.6888,0.6082474226804123,0.8304,0.4494852358864124,0.9838872104733132,0.05531559798391134,0.07118658609665626,61.349466792061605,55.41999479763273,2505.7,HIGH,C01816,5.017041821590307,6
C06028,19.200549468252703,84.25076391238355,18157.6,3649,3.98,1,11,0.935,4.077,34.1,99.39,65.17,18157.6,871346282.0,Severe,0.8154,0.6824742268041237,0.9939,0.7373005996153411,0.9365558912386708,0.40361160252344863,0.46925644910425696,77.63600412340739,70.43164609380742,18157.6,IMMEDIATE,C02987,28.662924518550096,2
C06110,24.420213087932645,88.10071892631652,3896.1,1088,0.43,0,1,0.869,3.886,37.3,89.82,53.07,3896.1,222718075.0,Severe,0.7772,0.7484536082474226,0.8981999999999999,0.6004072858920693,0.8700906344410876,0.08625566051381332,0.11965428356793018,69.53196757029454,58.68051379579459,3896.1,HIGH,C09884,1.9060075402781154,2
C06113,25.560790847212164,87.2683746232553,10872.9,2679,1.44,0,9,0.342,4.746,37.4,87.88,74.98,10872.9,554504366.0,Severe,0.9492,0.7505154639175258,0.8787999999999999,0.8482860052042087,0.33937562940584093,0.2415078384903813,0.29848277819253394,74.93857315205572,55.52165703860007,10872.9,HIGH,C08666,4.645883378445576,7
C06208,20.44914779905428,83.93053681702632,1212.7,267,2.9,1,1,0.959,3.43,34.3,69.89,44.8,1185.0,48134419.0,Severe,0.686,0.6865979381443298,0.6989,0.5068446656861636,0.9607250755287009,0.025926544054652466,0.02555596415141253,60.45769498154829,54.29407445726577,1185.0,HIGH,C04181,3.312171441376159,4
C06210,24.129484193600646,85.20870217342339,1800.0,472,2.61,0,2,0.89,5.0,40.4,100.0,76.33,1800.0,107057990.0,Severe,1.0,0.8123711340206186,1.0,0.863559226156805,0.8912386706948641,0.03961191406032689,0.057315002380740575,81.89457884864935,65.53863962026783,1800.0,HIGH,C02784,8.266458687853232,1
C06258,26.9724499127856,89.821092741695,21768.1,4791,4.08,2,12,0.799,2.747,20.1,61.99,42.5,17721.2,747684816.0,Severe,0.5494,0.39381443298969077,0.6199,0.48082362258174,0.7995971802618329,0.39390055297795873,0.4026045276484316,52.388746949702444,55.343851810184006,17721.2,HIGH,C00442,11.929166907270018,3
C06276,23.28683944932346,83.2478975999948,3662.2,675,2.49,0,3,0.8,4.026,34.4,86.83,50.81,3662.2,149755779.0,Severe,0.8051999999999999,0.688659793814433,0.8683,0.5748387826677226,0.8006042296072508,0.08105076938482592,0.08032855519407536,67.26560961482667,56.264091320678155,3662.2,HIGH,C11673,14.092230814299585,2
C06305,23.803446617672456,80.8963963532294,27205.3,5694,1.49,3,12,0.634,3.062,22.4,73.95,43.43,22566.8,1028941107.0,Severe,0.6123999999999999,0.44123711340206184,0.7395,0.4913451747935287,0.6334340382678751,0.5017279170421798,0.5541980096203238,57.645477663484044,57.72746732801988,22566.8,HIGH,C04636,5.656186330449802,1
C06539,18.612256703383995,89.1626722350044,28790.5,6671,1.36,5,19,0.712,2.406,19.9,54.23,42.21,21047.0,903886440.0,Severe,0.4812,0.3896907216494845,0.5423,0.47754270845118224,0.7119838872104732,0.46790836365254734,0.4867951709497197,49.23816055775764,55.152615233204074,21047.0,HIGH,C09935,3.363851830733209,2
C06586,25.813585668338337,84.25690966225338,9454.3,2011,3.6,1,7,0.748,3.428,32.6,73.46,55.27,8736.8,371258503.0,Severe,0.6856,0.6515463917525773,0.7345999999999999,0.6252969792963006,0.7482376636455186,0.19397398667067214,0.1997156418900989,62.58467994980541,54.86995127285146,8736.8,HIGH,C05360,14.901456365851491,9
C06594,23.071840608058004,79.4971142755889,5831.1,1101,2.83,0,2,0.604,3.738,32.8,82.99,56.87,5503.5,230904264.0,Severe,0.7476,0.6556701030927834,0.8299,0.6433985744993778,0.6032225579053373,0.1220245446554736,0.12406653294438946,64.3526656198993,51.52574756109104,5503.5,HIGH,C08748,7.9654134906456395,2
C06595,24.669160425556697,90.0152103350478,5430.1,1060,2.33,0,3,0.929,3.466,29.9,75.5,54.67,5300.7,207975317.0,Severe,0.6932,0.5958762886597938,0.755,0.6185088810951466,0.9305135951661632,0.11751171044872437,0.1117081287952038,62.45039036806948,56.227408167429815,5300.7,HIGH,C08069,16.949556216277756,1
C06654,21.72994030993509,79.31562253911551,6459.6,1384,3.61,0,3,0.701,3.654,29.3,70.19,53.13,6156.6,249219592.0,Severe,0.7308,0.5835051546391753,0.7019,0.6010860957121846,0.7009063444108761,0.13655774002247517,0.13393825647137467,60.2272407462675,51.60829225810296,6156.6,HIGH,C08503,10.05143149091099,2
C06701,20.030754716579292,76.34006604530232,3885.3,1073,3.71,1,2,0.69,4.661,42.8,83.27,60.93,3885.3,208009430.0,Severe,0.9321999999999999,0.8618556701030927,0.8327,0.6893313723271863,0.6898288016112789,0.08601533206493318,0.11172651525842608,74.21545430060655,59.07406404347495,3885.3,HIGH,C10684,16.716708321478084,1
C06720,26.972112376060466,87.86929386585909,16022.3,4523,4.32,2,15,0.626,3.151,29.0,74.04,49.06,13517.2,765512909.0,Severe,0.6302,0.5773195876288659,0.7404000000000001,0.5550401629143569,0.6253776435045317,0.3003504789879502,0.41221363784888115,59.601536886488994,53.60305768388852,13517.2,HIGH,C07670,8.359831064145492,3
C06755,18.02030504143193,73.44210798649783,4882.6,1205,2.01,1,2,0.902,3.421,32.5,80.61,45.92,4693.8,231394917.0,Severe,0.6841999999999999,0.6494845360824743,0.8061,0.5195157823283177,0.9033232628398792,0.10400658677971006,0.12433098852846014,62.58571460939356,55.64041412658571,4693.8,HIGH,C07149,1.7580144509179285,2
C06763,22.078676762973977,76.415823061145,4313.5,861,2.63,0,4,0.867,3.527,29.7,83.85,48.01,4190.9,180551122.0,Severe,0.7054,0.5917525773195876,0.8384999999999999,0.5431609910623374,0.8680765357502518,0.09281573706287481,0.0969268444529234,62.466423080033564,54.537319232013424,4190.9,HIGH,C00941,8.038622984687773,5
C06830,27.81416020474646,83.40250686926663,4007.6,942,5.19,1,3,0.818,3.876,30.7,83.79,53.27,4007.6,190855985.0,Severe,0.7752,0.6123711340206185,0.8379000000000001,0.602669985292454,0.8187311178247734,0.08873682922215917,0.10248103155344704,65.10888436471973,55.260363846897995,4007.6,HIGH,C07214,18.06777492366221,2
C06872,21.44207477052204,79.16018283236959,14964.4,2953,0.36,3,10,0.71,3.026,22.7,51.92,56.01,12604.9,427302257.0,Severe,0.6052,0.4474226804123711,0.5192,0.6336689670777237,0.7099697885196374,0.28004940084782537,0.22992249622010982,52.75720470960571,51.13001117677158,12604.9,HIGH,C02588,2.467124640559974,2
C06950,18.17007915058264,77.48420269257008,7418.3,1888,5.31,1,7,0.855,3.205,29.5,79.4,53.21,6754.8,351581180.0,Severe,0.641,0.5876288659793815,0.794,0.6019911754723385,0.8559919436052367,0.14986926577433604,0.18910982077637456,61.53001446481684,54.810953765724726,6754.8,HIGH,C02464,8.769603055281861,4
C06973,25.29091876298599,87.29877086816995,1572.5,361,5.8,2,1,0.817,3.587,30.4,77.24,58.2,1525.4,69341392.0,Severe,0.7174,0.6061855670103092,0.7724,0.6584455255119358,0.8177240684793554,0.033501340721207876,0.036986246715843794,62.34462738934774,52.30880802644617,1525.4,HIGH,C03985,13.814793145149112,1
C06974,25.94793830503021,75.23353017593837,2754.0,513,6.49,1,0,0.801,4.273,38.7,96.5,64.93,2754.0,123208976.0,Severe,0.8545999999999999,0.777319587628866,0.965,0.7345853603348795,0.8016112789526687,0.06084092704473892,0.06602017372575872,74.39904974716384,59.61171080795644,2754.0,HIGH,C11132,2.4177686047900258,4
C07007,27.30495190232454,87.71597693722595,2148.3,447,2.07,1,2,0.82,4.304,38.2,83.89,59.43,2148.3,93584237.0,Severe,0.8608,0.7670103092783506,0.8389,0.6723611268243014,0.8207452165156092,0.047362506536711285,0.0500528247944649,70.8713864897857,58.289290454500154,2148.3,HIGH,C07458,10.423830596153458,1
C07018,25.34433764263948,78.10448965600825,1073.8,247,4.77,0,0,0.529,5.0,39.8,100.0,78.17,1073.8,58277316.0,Severe,1.0,0.7999999999999999,1.0,0.8843760606403439,0.527693856998993,0.023452051136553288,0.03102285368495992,78.80647039197778,56.65969017699314,1073.8,HIGH,C02840,15.256488567037616,6
C07021,23.15438324973399,76.74275831588761,8326.6,1741,1.56,0,2,0.787,2.932,30.2,63.82,45.71,7033.1,284583618.0,Severe,0.5864,0.6020618556701031,0.6382,0.5171399479579138,0.7875125881168178,0.15606217385983068,0.15299900643299785,55.37986728688913,50.9697519652607,7033.1,HIGH,C02115,12.553368166670216,4
C07089,20.631516686836942,75.79672030909867,6582.2,1659,7.42,2,7,0.466,4.156,35.3,80.26,53.69,6480.2,318440381.0,Severe,0.8311999999999999,0.7072164948453608,0.8026000000000001,0.6074216540332616,0.4642497482376637,0.14375869243521702,0.17124736124568052,65.66420034658236,50.75443670428951,6480.2,HIGH,C01208,14.838633836508741,2
C07266,21.33950980095079,75.21995159398034,1243.1,262,3.53,0,1,0.584,4.63,43.2,93.0,71.51,1243.1,59408801.0,Severe,0.9259999999999999,0.8701030927835052,0.93,0.8090281706075348,0.5830815709969788,0.027219422099090975,0.03163270938041517,76.30083648435468,56.44552095737823,1243.1,HIGH,C03905,15.96334257737903,3
C07300,22.50209584695195,83.97489519865688,1895.0,378,1.99,0,0,0.852,4.41,41.0,87.74,63.09,1895.0,82749678.0,Severe,0.882,0.8247422680412371,0.8774,0.7137685258513407,0.8529707955689828,0.04172591430510587,0.04421313844078294,74.13628670548637,60.603428823608695,1895.0,HIGH,C07208,2.6856588982251437,1
C07320,19.605577839700416,87.28988474209345,27914.5,6214,4.36,7,26,0.752,2.049,15.0,56.12,38.69,18893.4,854860211.0,Severe,0.4098,0.28865979381443296,0.5611999999999999,0.43771919900441225,0.7522658610271903,0.41998509073511575,0.4603706713033763,45.06785974123506,52.63754541164553,18893.4,HIGH,C03658,3.5197247308237447,3
C07343,25.010422067657665,85.90986366540379,1612.9,297,1.73,0,4,0.797,3.982,35.5,88.55,62.68,1612.9,66962217.0,Severe,0.7964,0.711340206185567,0.8855,0.709129992080552,0.797583081570997,0.035448446209820086,0.03570390234164995,69.2910772926646,56.012739502924425,1612.9,HIGH,C09695,9.898379786573807,1
C07380,19.792374790680014,77.90371409555281,3441.6,871,0.52,0,1,0.349,5.0,49.5,85.64,76.06,3441.6,175656747.0,Severe,1.0,1.0,0.8564,0.8605045819662858,0.34642497482376633,0.0761418382901076,0.09428883999909173,78.81140559611065,55.22536223844426,3441.6,HIGH,C10267,10.073365309514555,4
C07452,24.93501419333717,79.34531741381844,14927.3,3514,4.43,2,5,0.825,5.0,42.2,100.0,68.18,14927.3,812402307.0,Severe,1.0,0.8494845360824743,1.0,0.7713542255911303,0.8257804632426988,0.33172891841071683,0.43748641338436556,84.67578230725488,72.09658918552822,14927.3,IMMEDIATE,C11140,10.264547919889047,1
C07499,23.643387403705766,75.50687526063093,3886.4,1021,4.28,0,1,0.699,3.843,35.9,88.38,50.47,3834.2,208981504.0,Severe,0.7686,0.7195876288659794,0.8837999999999999,0.5709921936870687,0.6988922457200403,0.08487822245958365,0.11225045049866697,66.59417325809636,53.87313192950117,3834.2,HIGH,C03974,2.7599149085387364,10
C07532,18.49292283016592,75.3983450928492,933.7,194,4.91,0,0,0.736,5.0,43.6,100.0,74.78,933.7,47042716.0,Severe,1.0,0.8783505154639175,1.0,0.846023305803824,0.7361530715005035,0.020334457091358192,0.024967550436431268,81.41376342016142,62.156395772104986,933.7,HIGH,C11985,12.763601334888255,1
C07594,20.502144368158152,82.44221405835351,1851.4,367,1.44,0,3,0.724,5.0,45.4,100.0,74.66,1851.4,88545971.0,Severe,1.0,0.9154639175257732,1.0,0.8446656861635932,0.7240684793554883,0.0407556994559231,0.0473372649635184,82.29378769882234,62.909073665387524,1851.4,HIGH,C11732,17.46251827501402,2
C07647,20.39265332572114,88.5377727923007,1832.2,386,5.21,0,3,0.734,4.014,33.7,78.07,63.78,1832.2,77061606.0,Severe,0.8028000000000001,0.6742268041237114,0.7807,0.7215748387826677,0.7341389728096677,0.04032844888013618,0.04114734162919508,66.35330629699853,53.56946292283982,1832.2,HIGH,C11313,7.500333757383185,1
C07672,22.70132634566393,79.13585091963796,1584.4,327,4.12,0,2,0.82,5.0,37.6,100.0,77.12,1584.4,78667726.0,Severe,1.0,0.7546391752577319,1.0,0.8724968887883245,0.8207452165156092,0.034814246136386395,0.04201301941509995,80.19996338913457,63.07016515363362,1584.4,HIGH,C05601,10.772044729355708,6
C07690,24.677789023156443,87.32680229173218,3536.7,657,7.24,0,2,0.906,3.177,22.4,84.38,55.23,3247.8,139767129.0,Severe,0.6354,0.44123711340206184,0.8438,0.6248444394162235,0.9073514602215509,0.07182927779075848,0.07494480278692106,59.0947494995269,52.142876062437026,3247.8,HIGH,C02466,12.41425474389534,11
C07728,18.898169466983333,79.67236556830156,7764.2,1727,3.94,2,7,0.931,4.313,39.2,100.0,68.51,7764.2,404704880.0,Severe,0.8625999999999999,0.7876288659793815,1.0,0.775087679601765,0.9325276938569991,0.17233107469096653,0.2177428039875135,78.69914560724442,66.56735420249373,7764.2,HIGH,C02865,5.3891930615348285,8
C07796,21.655595567097496,78.89054535839182,2810.6,727,1.22,0,1,0.581,3.86,36.2,81.08,59.57,2698.0,138652966.0,Severe,0.772,0.7257731958762887,0.8108,0.6739450164045706,0.580060422960725,0.0595947795320271,0.07434428342412305,65.57000742112494,50.629868625015625,2698.0,HIGH,C11355,12.011610984673922,5
C07919,26.769601351661827,84.89016070251299,13405.1,2912,1.6,1,10,0.831,2.923,27.8,79.28,43.36,11447.4,553109497.0,Severe,0.5846,0.5525773195876289,0.7928000000000001,0.490553230003394,0.8318227593152064,0.2542919768127552,0.2977309619474543,58.80412556375168,55.49828103358148,11447.4,HIGH,C00640,24.69403239772511,5
C07936,21.05727438715149,76.51069884682911,25927.7,5115,12.73,3,10,0.9,3.299,30.7,69.36,40.57,24343.8,932028124.0,Severe,0.6597999999999999,0.6123711340206185,0.6936,0.45898857336802806,0.9013091641490433,0.5412708479366245,0.5019631725291499,63.00843639232726,65.86623465794102,24343.8,HIGH,C00940,10.7749956620316,4
C07984,21.899408506055256,76.2054195396872,13383.6,3385,4.67,1,7,0.818,2.905,26.6,76.08,39.22,11341.5,600085539.0,Severe,0.581,0.5278350515463918,0.7608,0.4437153524154316,0.8187311178247734,0.25193542285568055,0.3230504374717826,56.88208040710619,54.30150084971116,11341.5,HIGH,C11716,7.290969846128721,2
C07990,28.622935585588536,82.93565766255652,5771.4,1306,3.89,0,2,0.631,5.0,39.5,100.0,62.29,5771.4,304943009.0,Severe,1.0,0.7938144329896907,1.0,0.704717728249802,0.6304128902316214,0.1279860253457503,0.1639724533256656,78.2061221494424,60.77804784967594,5771.4,HIGH,C06009,8.129238493510025,1
C08071,23.7463726474177,75.2119051914233,12946.6,2474,6.09,3,9,0.559,3.552,32.3,73.96,61.72,11639.9,469961173.0,Severe,0.7104,0.645360824742268,0.7395999999999999,0.6982690349587057,0.5579053373615308,0.2585756088877021,0.2529150969921454,63.47109946529284,53.4083660487434,11639.9,HIGH,C03619,12.303976344060601,4
C08073,25.884373760675658,74.22020027264168,2207.6,459,0.46,0,2,0.811,3.977,35.3,80.03,65.29,2207.6,92689523.0,Severe,0.7954,0.7072164948453608,0.8003,0.738658219255572,0.811681772406848,0.04868208774213647,0.04957058558784392,68.19728490712976,56.12237052850847,2207.6,HIGH,C04590,15.786251562140666,1
C08111,20.09889472228549,78.56424142851715,7189.0,1634,5.72,0,6,0.704,3.474,31.7,80.7,53.07,6624.5,317601820.0,Severe,0.6948000000000001,0.6329896907216495,0.807,0.6004072858920693,0.7039274924471298,0.14696974754386552,0.17079538777556236,62.690088214075935,52.90055548765058,6624.5,HIGH,C10103,9.343169014924218,1
C08190,21.96632464905221,77.00791822446648,5319.4,1228,0.65,2,3,0.752,5.0,42.2,100.0,62.4,5319.4,284974016.0,Severe,1.0,0.8494845360824743,1.0,0.7059622129200136,0.7522658610271903,0.1179278347074335,0.1532094258762908,80.1887927760007,64.03784337302653,5319.4,HIGH,C07971,12.165680151937107,2
C08197,26.66301135488064,90.86829468222815,4049.0,763,2.98,1,3,0.783,5.0,38.2,100.0,77.1,4049.0,186502495.0,Severe,1.0,0.7670103092783506,1.0,0.8722706188482859,0.7834843907351461,0.0896580882761997,0.10013455707821542,80.82041999749696,63.871253857584655,4049.0,HIGH,C10331,11.59085123195904,3
C08245,18.807997642715318,81.14775674730132,1945.2,354,0.82,1,2,0.807,3.553,31.1,72.38,43.58,1870.2,68649546.0,Severe,0.7106,0.6206185567010309,0.7238,0.49304219934381716,0.8076535750251763,0.04117404897804777,0.03661335072210289,58.98151782083614,50.9526212697486,1870.2,HIGH,C02876,11.101526120813354,4
C08266,19.54103626385824,90.6670018353361,15535.7,4072,3.13,4,10,0.881,2.801,24.7,64.65,40.54,13117.2,631611437.0,Severe,0.5602,0.488659793814433,0.6465000000000001,0.4586491684579703,0.8821752265861027,0.29144942532572293,0.34004248637180423,54.38569362498612,55.239076944943946,13117.2,HIGH,C06082,6.728089945860018,8
C08386,20.511208105053395,90.39380289612946,3770.8,825,2.47,3,3,0.438,4.224,36.7,95.34,59.2,3732.0,186729701.0,Severe,0.8448,0.7360824742268042,0.9534,0.6697590225138591,0.43605236656596175,0.08260400324888459,0.10025701815648125,69.52396686829627,50.610057454389214,3732.0,HIGH,C03310,16.960514723570444,4
C08407,23.04912632566691,74.66949546836986,7781.3,2106,3.35,2,4,0.621,4.182,33.5,93.59,63.54,7781.3,448688967.0,Severe,0.8364,0.6701030927835051,0.9359000000000001,0.7188595995022061,0.6203423967774421,0.17271159473502676,0.2414496546893335,71.19192445901459,56.53525816744423,7781.3,HIGH,C05950,9.658774696841553,1
C08521,20.356255036110056,80.65564109578796,2518.2,484,3.22,0,1,0.833,3.816,37.4,74.15,54.6,2518.2,95258213.0,Severe,0.7632,0.7505154639175258,0.7415,0.6177169363050119,0.8338368580060422,0.05559375591085594,0.05095507608162768,65.50068985875815,55.529153721281034,2518.2,HIGH,C03015,12.500276232944355,1
C08686,25.71596481991652,73.90840253633814,6363.9,1670,4.15,1,4,0.871,3.409,29.3,68.16,51.73,6055.8,278085737.0,Severe,0.6818,0.5835051546391753,0.6816,0.585247199909492,0.8721047331319235,0.1343146744995939,0.14949673310525563,59.79033534350471,54.29568009699784,6055.8,HIGH,C03572,5.300621092118128,8
C08772,28.888017813589435,81.8483698943581,15504.5,4423,3.7,2,16,0.426,3.67,31.7,83.99,49.73,13754.9,834196695.0,Severe,0.734,0.6329896907216495,0.8399,0.5626202059056454,0.42396777442094663,0.30563993012672874,0.4492333049920858,64.02448513423276,52.42406425571331,13754.9,HIGH,C07455,11.348394576562622,3
C08866,18.4295961259769,87.99875109421805,9721.6,2035,2.56,3,6,0.813,5.0,43.8,93.32,78.72,9721.6,458986545.0,Severe,1.0,0.8824742268041237,0.9331999999999999,0.8905984839914017,0.8136958710976837,0.21588838078707567,0.24699991526962806,83.92824700659264,69.11634122687947,9721.6,HIGH,C07323,7.817948681273242,2
C08868,24.87187367347828,89.85046381653926,3415.3,810,0.74,0,1,0.924,4.176,39.7,85.54,67.5,3415.3,165823873.0,Severe,0.8352,0.797938144329897,0.8554,0.7636610476298223,0.9254783484390735,0.07555659401181615,0.08898904882943967,73.77934679078778,62.06148972641613,3415.3,HIGH,C05054,14.061326122615363,1
C08875,21.929551168612107,89.73241734443393,1041.9,210,5.96,0,1,0.763,5.0,40.0,100.0,79.95,1041.9,51494478.0,Severe,1.0,0.8041237113402062,1.0,0.9045140853037674,0.7633434038267876,0.022742192106990668,0.02736699224123753,81.05296304293006,62.24253925757607,1041.9,HIGH,C00992,7.080614123933614,13
C08889,27.566070702418795,84.35014004445338,7994.8,1489,6.59,2,4,0.957,3.079,27.5,80.08,47.45,7302.3,303044054.0,Severe,0.6158,0.5463917525773195,0.8008,0.5368254327412604,0.958710976837865,0.1620525829745096,0.16294894128426582,60.01001714461112,56.077184635622224,7302.3,HIGH,C10333,2.91942368708222,1
C08947,26.82808467609212,79.5570294011557,3228.5,612,0.68,2,3,0.833,5.0,36.5,100.0,71.21,3228.5,149023096.0,Severe,1.0,0.7319587628865979,1.0,0.8056341215069577,0.8338368580060422,0.07139980195155601,0.07993364858858504,79.29384880098848,63.67865820726407,3228.5,HIGH,C05592,14.297119287522381,3
C09018,21.450565157252328,86.06570703274883,6957.9,1502,2.77,1,6,0.917,5.0,40.0,96.68,74.49,6957.9,345392077.0,Severe,1.0,0.8041237113402062,0.9668000000000001,0.8427423916732661,0.918429003021148,0.15438877577133192,0.18577397477372395,82.41663343034024,68.82600741254015,6957.9,HIGH,C10446,5.760802036421703,17
C09116,27.45282872893933,89.66704356837484,14459.3,2813,1.68,2,7,0.611,3.731,31.9,66.89,54.89,13655.0,502779751.0,Severe,0.7462,0.6371134020618556,0.6689,0.6209978504355697,0.6102719033232629,0.3034168919745875,0.2706038835956285,62.449348686157016,55.11361169668504,13655.0,HIGH,C02242,0.8666297249349305,1
C09161,25.25866783193195,77.7473001354592,4916.7,932,6.24,0,6,0.774,3.36,31.9,68.89,54.45,4514.5,170587535.0,Severe,0.6719999999999999,0.6371134020618556,0.6889,0.6160199117547234,0.7744209466263847,0.10001668947561669,0.09155660067672329,59.913834120281976,51.846105870335016,4514.5,HIGH,C02030,20.408358136984155,5
C09197,26.60607363314623,76.6585229242756,2295.8,502,3.01,0,3,0.885,3.069,26.4,73.18,52.46,2051.9,91138429.0,Severe,0.6138,0.5237113402061855,0.7318000000000001,0.5935060527208961,0.8862034239677744,0.04521735260411451,0.04873456610010307,57.00763928540867,50.455622380830135,2051.9,HIGH,C06829,4.480015755781415,5
C09267,18.37700323587927,78.61450643287053,4859.8,1050,1.75,0,0,0.818,4.9,40.5,97.11,76.31,4859.8,242184343.0,Severe,0.9800000000000001,0.8144329896907216,0.9711,0.8633329562167666,0.8187311178247734,0.10770052404953438,0.13014634878227954,81.11513849192227,65.12686448767799,4859.8,HIGH,C11150,12.537677995137662,1
C09276,23.642516600481464,81.88806624318212,7507.4,1409,8.65,1,3,0.732,3.247,31.9,69.36,47.96,6661.9,256886764.0,Severe,0.6494,0.6371134020618556,0.6936,0.5425953162122412,0.7321248741188318,0.14780199606128375,0.13807076243675198,58.57016456198414,51.53798804701588,6661.9,HIGH,C08514,8.657744407579033,2
C09546,21.417370788070794,82.71321839810483,23554.2,5749,5.05,7,19,0.772,2.542,25.4,41.64,43.62,18153.0,649308663.0,Severe,0.5084,0.5030927835051546,0.4164,0.4934947392238941,0.7724068479355488,0.40350924040633307,0.34958106096170916,49.254001529598774,54.56835717749608,18153.0,HIGH,C02173,7.592970401040788,2
C09636,20.702530208195604,86.44974576668116,7868.6,1719,2.61,0,4,0.893,3.053,21.7,67.89,42.9,7024.7,294641753.0,Severe,0.6106,0.4268041237113402,0.6789000000000001,0.4853490213825093,0.8942598187311178,0.15587525173292388,0.1584202103512183,53.69662415869995,51.570868855399176,7024.7,HIGH,C03697,8.221339633591196,1
C09660,21.20637889370588,72.57996499557852,2881.8,650,1.75,0,3,0.97,3.082,26.9,70.22,47.62,2643.2,114085091.0,Severe,0.6164,0.534020618556701,0.7021999999999999,0.5387487272315873,0.9718026183282981,0.05837533518030196,0.061102518403833427,56.704204164515495,52.403753382977925,2643.2,HIGH,C02856,3.5483691584251376,2
C09753,22.22440836921125,88.78462107288983,6159.0,1283,7.81,1,2,0.629,3.835,33.9,80.13,52.91,5959.4,257591704.0,Severe,0.767,0.6783505154639174,0.8012999999999999,0.5985971263717614,0.6283987915407855,0.13216952056699713,0.13845071592615238,64.39159776078078,52.51038152855474,5959.4,HIGH,C11430,7.003010535943206,10
C09775,27.542244220173025,77.02770103325983,869.3,230,1.12,0,2,0.846,5.0,41.0,100.0,71.97,869.3,52032259.0,Severe,1.0,0.8247422680412371,1.0,0.8142323792284195,0.8469284994964753,0.0189013874517396,0.027656849204217696,80.75435300340612,63.797805342776606,869.3,HIGH,C04630,8.96349152827736,1
C09892,26.896468652504478,79.4153408030257,11200.2,2983,5.23,1,7,0.811,2.872,27.9,58.56,43.25,9406.4,427854228.0,Severe,0.5744,0.5546391752577319,0.5856,0.48930874533318247,0.811681772406848,0.2088743505012406,0.23022000140849158,53.61108932495831,51.82671754816515,9406.4,HIGH,C02517,16.291781276273245,2
C09893,25.891199428048665,76.17032310522572,6099.2,1655,9.39,1,1,0.403,4.463,36.8,82.55,56.63,6099.2,320430971.0,Severe,0.8926000000000001,0.7381443298969071,0.8255,0.6406833352189162,0.40080563947633435,0.13528043882194554,0.172320263359996,68.21314613058615,51.03803016940618,6099.2,HIGH,C05200,4.33192620578289,2
C09896,24.77444771550929,75.96656077636189,2979.1,689,1.33,2,1,0.855,5.0,42.6,100.0,84.7,2979.1,160051214.0,Severe,1.0,0.8577319587628867,1.0,0.958253196062903,0.8559919436052367,0.06584999499315732,0.08587766072524831,84.26671093362154,66.59926467647892,2979.1,HIGH,C03399,6.715374831700921,5
C09897,26.919666580209896,77.03658696734536,11408.1,2755,8.9,2,5,0.512,4.992,42.0,96.05,84.3,11408.1,615070841.0,Severe,0.9984,0.845360824742268,0.9605,0.9537277972621336,0.5105740181268882,0.2534174482904414,0.331127320305242,82.89728433835178,63.32938797776496,11408.1,HIGH,C10225,6.22991524163147,2
C09913,27.384581308952868,85.2305017790989,35522.8,8417,5.7,4,15,0.368,2.454,20.2,55.97,41.31,23217.4,1127149887.0,Severe,0.4908,0.3958762886597938,0.5597,0.4673605611494513,0.36555891238670696,0.5162054808237925,0.60713126443741,47.9655001774849,51.256004111398,23217.4,HIGH,C07783,10.4211395711073,1
C10004,25.95925805797925,85.2639104080294,6301.9,1235,1.1,2,7,0.567,4.891,42.0,100.0,74.17,6301.9,298126334.0,Severe,0.9782,0.845360824742268,1.0,0.8391220726326508,0.5659617321248741,0.1397910477652792,0.1602983541791304,80.25677054658674,60.61808246105894,6301.9,HIGH,C03680,5.79388092999863,1
C10024,28.1355724833639,79.07189683498727,9036.2,2009,3.83,2,11,0.708,3.756,29.8,92.9,53.71,8794.2,441975186.0,Severe,0.7512,0.5938144329896907,0.929,0.6076479239733001,0.7079556898288015,0.19525128787120177,0.23783101407024515,66.57056712347338,55.82842785949036,8794.2,HIGH,C10522,5.207499177483849,2
C10030,23.919019122455165,82.9981034336055,2867.5,637,4.66,0,1,0.935,2.826,25.8,75.18,51.15,2472.9,116472466.0,Severe,0.5652,0.511340206185567,0.7518,0.5786853716483765,0.9365558912386708,0.05458571158360871,0.06238928247135306,56.25957822178839,50.89564189477597,2472.9,HIGH,C11556,8.19825464013195,10
C10039,23.402656359771488,77.47969983410863,6203.0,1135,3.0,0,6,0.956,3.5,32.9,79.44,55.46,6135.6,236347784.0,Severe,0.7,0.6577319587628866,0.7944,0.627446543726666,0.957703927492447,0.13609043470520824,0.1270005194093665,65.20360439108059,58.62617407966456,6135.6,HIGH,C11270,11.067583061615068,1
C10074,18.65301305940453,90.91082073469536,39106.5,9749,2.87,6,29,0.681,1.664,17.1,52.03,27.69,23066.8,1190044606.0,High,0.3328,0.331958762886598,0.5203,0.31327073198325606,0.6807653575025177,0.5128542341199639,0.6410306997778757,42.30549223523007,55.15071962136475,23066.8,HIGH,C01755,4.173630471519398,2
C10102,25.06641145842889,90.22399244687122,10190.4,2039,1.4,3,4,0.825,3.325,29.2,60.85,40.37,9423.1,336538989.0,Severe,0.665,0.5814432989690721,0.6085,0.45672587396764336,0.8257804632426988,0.2092459694916386,0.181002275511987,56.2507309588391,53.69498733303059,9423.1,HIGH,C05443,5.914116723140685,4
C10112,20.375764025933787,76.90188965242952,3240.9,687,2.36,1,2,0.891,3.068,25.2,81.18,54.6,2899.9,135505848.0,Severe,0.6136,0.49896907216494846,0.8118000000000001,0.6177169363050119,0.892245720040282,0.06408758636803631,0.07264802776313797,58.770954491588355,51.630286342089896,2899.9,HIGH,C00453,14.571477265001603,3
C10175,21.505695371685118,85.50638633206827,5346.9,1278,1.15,0,4,0.875,3.77,29.6,73.2,65.49,5346.9,232739224.0,Severe,0.754,0.5896907216494846,0.732,0.7409209186559564,0.8761329305135952,0.11853978214671161,0.1250555525133034,64.86174789453129,56.648048147711506,5346.9,HIGH,C01891,10.784979200672407,6
C10237,22.831247462077407,75.28212549132901,2150.5,505,1.53,0,1,0.792,5.0,44.4,100.0,78.64,2150.5,117007414.0,Severe,1.0,0.8948453608247422,1.0,0.8896934042312479,0.7925478348439073,0.04741146233185353,0.06267761248418786,83.22795925745874,64.69128218783197,2150.5,HIGH,C03523,7.813445199602695,3
C10271,19.14611223778017,88.3892324356098,3320.4,774,0.76,0,2,0.599,3.919,35.9,92.73,49.64,3237.7,168132807.0,Severe,0.7838,0.7195876288659794,0.9273,0.5616019911754724,0.5981873111782477,0.07160452618578723,0.09023353421840218,66.69468028877019,51.78233474177071,3237.7,HIGH,C10171,11.534627534242704,2
C10288,22.22424692253678,81.98372693859207,5128.1,939,3.3,0,5,0.776,4.626,39.8,100.0,61.1,5128.1,231061555.0,Severe,0.9252,0.7999999999999999,1.0,0.6912546668175134,0.7764350453172205,0.11367090579347332,0.12415131074718301,77.12675325909069,62.20695332383831,5128.1,HIGH,C01728,4.774584407405898,1
C10307,24.2209963136886,75.69354005048177,1395.2,276,6.43,0,0,0.903,3.376,30.2,72.59,44.4,1330.2,52738793.0,Severe,0.6752,0.6020618556701031,0.7259,0.5023192668853943,0.9043303121852971,0.029157626534040967,0.028037661838881678,58.552960309098054,51.98128917414427,1330.2,HIGH,C04967,5.238213726118899,4
C10350,19.462810721162025,74.43236682051241,607.9,134,3.2,0,0,0.893,3.509,34.9,79.6,45.95,592.7,26678543.0,Severe,0.7018,0.6989690721649484,0.7959999999999999,0.5198551872383754,0.8942598187311178,0.012746308844309447,0.013991526107972798,62.555469594173566,53.72939036292195,592.7,HIGH,C00533,12.983869977001262,7
C10384,22.399950419051407,79.72301638547442,1548.5,406,10.03,0,0,0.835,3.351,30.7,75.41,57.13,1443.1,73859202.0,Severe,0.6702,0.6123711340206185,0.7541,0.6463400837198778,0.8358509566968781,0.03166994893020461,0.03942128753342833,60.885127669964135,51.63131116899575,1443.1,HIGH,C11497,6.946246713160818,1
C10447,22.89942713043977,75.86234622732555,16814.8,3882,3.26,0,12,0.78,2.709,22.7,60.24,51.47,13498.0,583310609.0,Severe,0.5418000000000001,0.4474226804123711,0.6024,0.582305690688992,0.7804632426988922,0.2999232284121633,0.31400896842768306,53.189252351197005,52.9940302334081,13498.0,HIGH,C07752,14.865326584034516,1
C10485,24.067439444659627,74.73041260581795,2408.6,448,5.5,0,2,0.821,4.267,32.6,100.0,71.57,2408.6,110526280.0,Severe,0.8534,0.6515463917525773,1.0,0.8097069804276501,0.8217522658610271,0.05315486720740567,0.0591843655715831,73.75355656666426,58.952651919595,2408.6,HIGH,C11119,15.645732827531562,3
C10492,21.0784629859992,88.55862873492453,12002.3,2280,3.18,4,7,0.881,4.056,30.4,75.23,70.56,12002.3,453323349.0,Severe,0.8112,0.6061855670103092,0.7523000000000001,0.7982803484557077,0.8821752265861027,0.26663996350568,0.2439475262984271,69.56753575576252,62.63087137301208,12002.3,HIGH,C11033,6.3850041547157055,3
C10517,22.57012147240039,83.86881594400498,31751.2,5990,0.13,6,17,0.458,5.0,43.1,100.0,88.39,31751.2,1459242174.0,Severe,1.0,0.8680412371134021,1.0,1.0,0.4561933534743203,0.7061050101805801,0.7861246869252966,89.88373007595315,75.34262738391662,31751.2,IMMEDIATE,C07725,15.355488968957888,3
C10550,26.96231289175402,86.1108086778184,8592.6,1910,4.81,1,6,0.596,3.298,26.4,91.55,55.71,7413.0,404374304.0,Severe,0.6596,0.5237113402061855,0.9155,0.6302749179771467,0.5951661631419939,0.164515949575531,0.21756462782399316,61.729114665065545,50.170612532692886,7413.0,HIGH,C07077,19.02425097694891,6
C10603,27.724335754035717,81.63366725952477,50000.0,10398,2.02,7,19,0.479,3.664,34.1,70.33,47.75,44958.4,1856051961.0,Severe,0.7328,0.6824742268041237,0.7033,0.5402194818418373,0.47734138972809664,1.0,1.0,69.95750788153481,73.33544759705836,44958.4,IMMEDIATE,C04688,15.822262142305261,1
C10629,22.4252051423368,84.36771529318952,8230.6,2094,2.34,0,5,0.897,3.958,34.7,90.74,52.24,8230.6,441105515.0,Severe,0.7916000000000001,0.6948453608247424,0.9074,0.5910170833804729,0.8982880161127895,0.18270970326112354,0.23736227271483853,70.35224688250634,61.61724925805305,8230.6,HIGH,C01778,5.372381747495244,4
C10676,27.19785361946369,84.45248658275925,26922.7,7589,2.28,9,19,0.957,2.421,21.7,52.61,31.69,21405.0,975650076.0,Severe,0.48419999999999996,0.4268041237113402,0.5261,0.3585247199909492,0.958710976837865,0.47587480668024074,0.5254748371770022,50.16913892144065,59.70292476049545,21405.0,HIGH,C00391,20.618353076382387,1
C10711,24.60248340180637,76.32318584117743,3761.6,690,7.3,0,5,0.799,5.0,46.4,96.52,71.35,3761.6,166316528.0,Severe,1.0,0.9360824742268041,0.9652,0.807218011087227,0.7995971802618329,0.0832626812198894,0.08925458346546622,82.5598087788057,65.57159219839097,3761.6,HIGH,C10058,11.87783506843128,2
C10803,22.67798650174528,82.39015405295439,1761.0,323,3.89,0,0,0.593,4.06,34.7,88.95,62.79,1759.3,73434673.0,Severe,0.8119999999999999,0.6948453608247424,0.8895000000000001,0.7103744767507636,0.5921450151057401,0.03870623185019526,0.03919247192514725,67.84659047117933,51.504186693522236,1759.3,HIGH,C04681,8.204307493347237,4
C10840,18.23208201817924,86.16031111010342,7425.6,1832,0.65,1,1,0.943,4.078,32.9,94.72,55.95,7425.6,401531987.0,Severe,0.8156000000000001,0.6577319587628866,0.9472,0.6329901572576083,0.9446122860020141,0.16479633276589117,0.21603265593683668,71.7741274311834,62.76168329570568,7425.6,HIGH,C06549,5.090925981123827,1
C10851,22.04328022994614,86.24867552092992,3503.3,712,0.76,1,3,0.874,3.232,28.2,72.28,42.48,3223.6,131392785.0,Severe,0.6464000000000001,0.5608247422680412,0.7228,0.4805973526417015,0.8751258811681772,0.07129076404419372,0.07043114031317954,56.89365323420701,51.30159614216765,3223.6,HIGH,C01327,22.470564183514867,2
C10934,28.19385703675187,76.68888153825048,3660.5,679,8.38,0,1,0.863,3.38,23.0,75.78,52.77,3455.7,135191878.0,Severe,0.6759999999999999,0.4536082474226804,0.7578,0.5970132367914923,0.8640483383685801,0.07645560043170109,0.07247880201758936,57.893333420384494,51.33081569138612,3455.7,HIGH,C11662,9.17789573086988,3
C10940,24.63765618299777,77.03744407722819,4021.1,792,0.86,1,3,0.915,3.279,27.0,81.29,45.78,3775.7,161298414.0,Severe,0.6557999999999999,0.5360824742268041,0.8129000000000001,0.5179318927480484,0.9164149043303123,0.08357644336148291,0.08654988530036135,59.49273164043151,53.39291538344533,3775.7,HIGH,C08477,20.46321699947851,1
C10943,24.146127560223167,74.00011884930754,683.9,164,6.62,0,1,0.726,4.695,43.2,82.82,74.84,683.9,33894194.0,Severe,0.9390000000000001,0.8701030927835052,0.8281999999999999,0.8467021156239394,0.7260825780463243,0.014775749079297261,0.017880668128209303,76.14308779859591,59.07282148307473,683.9,HIGH,C06383,7.889309216526838,4
C11016,19.727924468316967,87.47194949663559,8686.7,1878,7.15,2,5,0.737,3.678,25.9,87.5,46.09,8393.8,397349964.0,Severe,0.7356,0.51340206185567,0.875,0.5214390768186447,0.7371601208459214,0.18634133315531226,0.21377859994398232,62.250190687967546,53.955587891348635,8393.8,HIGH,C07395,11.608363233792147,3
C11074,21.463687673329737,89.66811513091167,4221.5,994,5.57,1,7,0.859,3.956,44.2,91.49,70.78,4221.5,215345366.0,Severe,0.7912,0.8907216494845361,0.9148999999999999,0.8007693177961308,0.8600201409869084,0.09349666766803522,0.11568048932886903,76.01701300484855,62.07420166658588,4221.5,HIGH,C07890,2.1881719521240512,3
C11106,20.43165044677521,75.78151737388872,3385.0,664,3.86,1,4,0.763,5.0,42.5,100.0,72.39,3385.0,160837995.0,Severe,1.0,0.8556701030927835,1.0,0.8189840479692273,0.7633434038267876,0.07488233919690243,0.08630172544897508,81.46059501363156,63.82966729838192,3385.0,HIGH,C02711,5.414156268682178,3
C11198,25.036528136709023,77.2303023277432,14017.0,3274,3.3,6,10,0.585,3.261,26.7,84.89,58.94,11959.5,644285837.0,Severe,0.6522,0.5298969072164949,0.8489,0.6668175132933589,0.5840886203423967,0.26568755076382167,0.3468738230899029,62.15009177726573,52.78750640787598,11959.5,HIGH,C08221,11.956904416572657,2
C11220,20.293280567741725,80.0332188219267,957.8,193,1.16,0,1,0.704,4.123,37.6,78.63,64.21,957.8,38996188.0,Severe,0.8246,0.7546391752577319,0.7863,0.7264396424934947,0.7039274924471298,0.020870745574507382,0.020630576522115068,68.21104618376623,53.88729827148629,957.8,HIGH,C08927,14.930954588918123,4
C11302,26.918657963765924,79.55470649681696,50000.0,11110,2.12,7,17,0.639,1.081,10.0,33.41,15.65,23710.9,952653195.0,High,0.2162,0.18556701030927836,0.33409999999999995,0.17705622808009955,0.6384692849949648,0.5271871557795654,0.5130798174855733,29.817647085231602,52.879159844193644,23710.9,HIGH,C09453,8.235556454910784,2
C11305,20.49180087548145,78.28418233296297,19377.2,4773,0.63,2,15,0.498,5.0,43.0,100.0,67.52,19377.2,1091772609.0,Severe,1.0,0.865979381443299,1.0,0.7638873175698608,0.49647532729103727,0.43075091513957964,0.5880633718201828,83.70527327582018,67.47414365376241,19377.2,HIGH,C05129,2.5509871755545723,1
C11375,23.0625157798979,90.0536940920584,5733.4,1138,3.29,0,2,0.748,4.199,37.2,90.21,57.5,5733.4,254051487.0,Severe,0.8398,0.7463917525773196,0.9020999999999999,0.6505260776105894,0.7482376636455186,0.12714042524783872,0.13654258501801178,71.2813234266943,58.49480512825348,5733.4,HIGH,C10944,9.129938591956087,1
C11446,25.88016060936972,78.10729342103392,10722.5,2844,1.22,2,9,0.42,4.143,32.5,70.92,50.4,10408.5,488125197.0,Severe,0.8286,0.6494845360824743,0.7092,0.570200248896934,0.4179254783484391,0.23117371518853544,0.2627052696314519,62.71684063636802,50.4168145373755,10408.5,HIGH,C00207,10.89141940808101,2
C11451,27.005857171066847,89.7620868969225,14062.7,2575,7.83,4,10,0.702,3.862,38.9,84.08,59.86,13930.3,558054509.0,Severe,0.7724,0.7814432989690722,0.8408,0.6772259305351284,0.701913393756294,0.3095430421576154,0.30039625908554674,71.19734467798976,61.20358080048883,13930.3,HIGH,C00442,5.9315894553450494,3
C11463,20.75442361344588,85.41665739730547,3817.9,838,8.36,1,4,0.888,3.713,29.3,86.01,54.6,3817.9,176697636.0,Severe,0.7426,0.5835051546391753,0.8601000000000001,0.6177169363050119,0.8892245720040282,0.0845155045228479,0.09484986562911484,64.88251157319644,56.00755058887453,3817.9,HIGH,C01585,7.105874969778819,3
C11464,24.05122041441532,81.06980000190036,758.0,207,1.39,0,1,0.765,5.0,40.3,100.0,80.17,758.0,46634571.0,Severe,1.0,0.8103092783505154,1.0,0.9070030546441905,0.7653575025176234,0.016424669270224863,0.024747565591009917,81.17280191966078,62.218827838571386,758.0,HIGH,C07327,6.291950466500173,1
C11486,28.85957809491211,81.7558326417747,531.7,144,1.06,0,0,0.742,4.044,35.7,99.63,51.59,531.7,32340455.0,Severe,0.8088,0.7154639175257732,0.9963,0.5836633103292228,0.7421953675730111,0.011388898160819788,0.017043223019877395,69.31272934826302,54.525002345365806,531.7,HIGH,C01869,5.6475967433846215,1
C11550,27.39894265171654,81.23647073111964,8090.1,1799,0.42,0,6,0.685,3.215,28.2,76.84,53.39,7037.6,333334944.0,Severe,0.643,0.5608247422680412,0.7684000000000001,0.6040276049326847,0.6847935548841894,0.15616231071353073,0.1792753369385681,59.18777021811217,50.69864293572972,7037.6,HIGH,C09055,6.122589713748314,8
C11575,22.61644856325833,72.00744164740385,3883.5,709,5.2,0,1,0.796,5.0,40.3,95.0,78.8,3883.5,168867521.0,Severe,1.0,0.8103092783505154,0.95,0.8915035637515556,0.796576032225579,0.08597527732345316,0.09062953550647114,81.00632189988481,64.33498583066098,3883.5,HIGH,C06662,19.717039470953907,5
C11591,28.46155489670236,81.84143076785881,1607.6,383,4.21,0,0,0.859,5.0,36.9,100.0,80.4,1607.6,89076769.0,Severe,1.0,0.7402061855670102,1.0,0.9096051589546329,0.8600201409869084,0.03533050724879557,0.04762335818034077,80.81379256519824,64.03658975335202,1607.6,HIGH,C07560,15.436453666998068,3
C11642,23.09639166291037,87.97230671371742,5675.7,1212,1.26,2,2,0.731,4.388,38.7,81.35,61.29,5675.7,245772794.0,Severe,0.8775999999999999,0.777319587628866,0.8134999999999999,0.6934042312478788,0.7311178247734139,0.12585644825706244,0.13208047718894164,71.54779534322695,58.76205904638169,5675.7,HIGH,C05227,10.907470482023406,3
C11678,26.64134900800876,76.3072109382439,14512.0,3150,3.37,2,6,0.439,4.916,40.1,97.33,71.99,14512.0,726625679.0,Severe,0.9832000000000001,0.8061855670103093,0.9732999999999999,0.8144586491684579,0.43705941591137965,0.32248739944590943,0.3912539267647944,80.09674783496943,61.95720418449283,14512.0,HIGH,C09359,10.487851614041213,1
C11724,28.91140598636056,77.87359114918445,2256.2,510,3.36,0,0,0.683,4.412,34.1,78.43,65.26,2256.2,99621330.0,Severe,0.8824,0.6824742268041237,0.7843000000000001,0.7383188143455143,0.6827794561933536,0.04976356576209708,0.05330673938462117,68.54738105806982,54.47549686767237,2256.2,HIGH,C01084,22.56749263749964,2
C11801,25.644989675339843,90.691908210656,6471.1,1367,3.39,1,4,0.952,2.777,21.8,63.53,47.76,5550.5,223330142.0,Severe,0.5554,0.42886597938144333,0.6353,0.5403326168118565,0.9536757301107753,0.1230704184607853,0.11998417971852007,52.36412850851101,50.97722160542462,5550.5,HIGH,C10213,9.712037305067222,1
C11824,20.10859456910959,72.12972994198448,6185.1,1549,4.2,1,5,0.717,5.0,41.7,100.0,66.18,6185.1,353735395.0,Severe,1.0,0.8391752577319588,1.0,0.7487272315872837,0.7170191339375629,0.13719194009590888,0.19027091463708426,80.66226485380572,63.909577153643504,6185.1,HIGH,C05164,8.397746951324782,1
C11912,28.89255602602404,80.53982030622994,6673.5,1379,3.98,1,5,0.69,3.251,34.1,70.99,56.64,5856.5,247044322.0,Severe,0.6502,0.6824742268041237,0.7099,0.6407964701889354,0.6898288016112789,0.12987972451238916,0.1327658142395705,60.80604914459132,51.40561410228097,5856.5,HIGH,C04041,8.739520589950212,4
C11929,24.83435951405621,90.22787232639372,1017.7,207,5.42,0,0,0.781,4.324,36.8,80.49,62.78,1017.7,43054019.0,Severe,0.8648,0.7381443298969071,0.8049,0.7102613417807444,0.7814702920443102,0.022203678360425916,0.022817694642589342,69.65608328273973,56.356455030267604,1017.7,HIGH,C11720,3.643720652124827,21
C11959,20.48426263155132,82.24228492714481,742.9,150,5.6,0,0,0.612,4.051,36.6,77.62,57.64,742.9,30679277.0,Severe,0.8102,0.7340206185567011,0.7762,0.6521099671908587,0.6112789526686807,0.016088654494475784,0.016147869688224792,65.32465343024882,50.54028106906922,742.9,HIGH,C08444,14.02026456154581,1
C11963,28.169557565284528,74.32608478248599,49478.8,11878,3.02,6,14,0.56,1.306,10.7,31.77,18.63,24488.1,973186586.0,High,0.2612,0.19999999999999998,0.3177,0.21077044914583096,0.5589123867069486,0.5444819030452729,0.5241470481146664,30.9489643927333,52.01179383790141,24488.1,HIGH,C06981,5.152492711347486,4
