edge_id,from_node,to_node,length_km,speed_kmph,travel_time_min,flooded
0,0,1,1.1650996526111324,28.776629358091363,2.4292622421747216,False
1,0,20,1.499314689830368,20.803594124649887,4.324199023053956,False
2,1,2,1.455256503496071,28.37797759584633,3.0768714900439056,False
3,1,21,1.2940748929806198,44.0338055088766,1.7632928310769131,False
4,2,3,0.9854698702361182,46.087391672195224,1.2829580948023025,True
5,2,22,1.9995990352457012,23.217621193336978,5.167451958823969,False
6,3,4,1.9611962845563542,37.787464709323984,3.1140426588171173,False
7,3,23,1.5869397158346032,37.493071011002016,2.5395727899199234,False
8,4,5,1.74223005204116,36.56795829726707,2.8586174342219706,False
9,4,24,1.4513334300612653,43.89206730747787,1.9839577205068244,False
10,5,6,1.5291324626296166,30.469257322411224,3.01116455799837,False
11,5,25,1.1950814665879035,27.111786201397216,2.6447865685654777,False
12,6,7,0.9926604658736701,47.26586598809453,1.2600981005493956,False
13,6,26,1.4199736474785916,33.17794627473935,2.5679232265676104,False
14,7,8,1.2006440093930544,20.13522308748083,3.5777423597741818,False
15,7,27,1.3881448352290515,45.087982173129404,1.8472481157823857,False
16,8,9,1.4316751345144965,36.24729149010963,2.3698462571833385,False
17,8,28,1.2839200073786778,38.613330067492626,1.995041616666319,False
18,9,10,1.6607421179872939,33.87290152538293,2.941718087084102,False
19,9,29,1.0839145879397467,29.760185734157155,2.1852980306416985,False
20,10,11,1.9587337142039423,28.409882844153493,4.136730288432779,False
21,10,30,0.8527101793135018,21.414537503889353,2.389153197892686,False
22,11,12,1.4628211628337842,36.02335624515409,2.4364545372374593,False
23,11,31,1.0417658420897369,28.33907750321674,2.205645209103551,False
24,12,13,1.4679088350568326,46.77131129216207,1.8830887497090438,False
25,12,32,1.6984091029228947,26.119688281656792,3.9014457246390153,False
26,13,14,1.4828670045474421,23.519541770271296,3.782897691710439,False
27,13,33,1.5353440339338982,31.08009385301346,2.9639756711063496,False
28,14,15,1.516485700162797,40.17840741344057,2.2646278901370773,False
29,14,34,1.341590301877343,22.92311438447076,3.5115393468163343,False
30,15,16,1.4841219649852433,46.59082261454152,1.911263053580898,False
31,15,35,1.3597798062048112,21.074619966311097,3.871329044258425,False
32,16,17,1.060332887372009,49.48681958988291,1.2855943010596504,False
33,16,36,1.8922948319724635,20.339370095040472,5.582163527573193,False
34,17,18,0.8106743426924609,49.34608469947759,0.9857005040576723,False
35,17,37,1.9026165546103964,28.949292915544124,3.9433430588326375,False
36,18,19,1.9386545276365985,42.36886539288872,2.7453950106891267,False
37,18,38,1.653210111067632,32.283170050381116,3.0725795053353786,False
38,19,39,1.0019032493306685,21.995658753804413,2.7330027089751354,False
39,20,21,1.3014666678376867,27.06179931307022,2.885543535626861,False
40,20,40,1.2636077401869525,48.56756695058933,1.5610513182253856,False
41,21,22,1.7696658318030212,29.889189483154844,3.552453303159087,False
42,21,41,0.918775486482813,29.560881694955476,1.864847258543579,False
43,22,23,1.3060476374636103,49.50218546608886,1.583018153844916,False
44,22,42,1.498411888332451,32.4732889954364,2.7685742984821076,False
45,23,24,1.5743893488039888,37.12056078869308,2.5447719248091976,False
46,23,43,1.0036739980536442,45.80036787820863,1.3148462048024498,False
47,24,25,1.7164687896526327,27.02660477834602,3.8106202471156516,False
48,24,44,1.4314802253397136,38.03690544779179,2.2580389363764355,False
49,25,26,0.9062788352104728,22.871602353825267,2.3774779427963377,False
50,25,45,1.0024017853071503,23.941608530648015,2.5121163868934553,False
51,26,27,1.288100325084769,42.55583325798223,1.8161087115028947,False
52,26,46,0.9538003196334609,48.28264006317453,1.1852711264986484,False
53,27,28,1.2090318747849809,47.90832260215005,1.5141818487262855,False
54,27,47,1.3379204296812897,35.21256874067805,2.279732170977413,False
55,28,29,1.101504046828476,22.47017725351536,2.94124261077509,False
56,28,48,1.5808795343976931,48.51900832078526,1.9549610626156844,False
57,29,30,0.8708320825833975,22.048998123899484,2.3697187809349396,True
58,29,49,1.6756763766046259,20.01072334768842,5.024335245127045,False
59,30,31,1.4780834126685405,27.74401080467348,3.1965459278574615,False
60,30,50,1.454458969363264,36.16794682321661,2.4128419174122935,False
61,31,32,1.5685955008113064,30.415612443384028,3.094323029788287,False
62,31,51,1.004060978160569,25.184865605926895,2.3920579776870703,False
63,32,33,1.6717772275844356,34.402248411725274,2.915699940730582,False
64,32,52,0.9438980943784981,33.18982546704888,1.7063628646958828,False
65,33,34,0.9513000739142738,21.13052559386662,2.7012108232378274,False
66,33,53,1.644217876854587,45.86243555487584,2.151064840270721,False
67,34,35,1.4167730950662174,34.7928084261768,2.4432171344931572,False
68,34,54,1.2957731348891552,39.07898835104297,1.9894677772863676,False
69,35,36,1.400225869507443,48.122722491382916,1.74581876961534,False
70,35,55,1.4427673289492535,43.397296096581215,1.9947334862591766,False
71,36,37,0.9722415795014331,44.24755913843714,1.3183663891509838,False
72,36,56,1.2669636769428712,47.39748183107228,1.6038366951118785,False
73,37,38,1.1083084564557208,29.502954251850056,2.253960970134823,False
74,37,57,1.1257828151287743,28.47389217407916,2.3722422103296776,False
75,38,39,1.883603308356503,46.36146010718408,2.4377187051509064,False
76,38,58,1.8592028668201857,41.63784087329182,2.6791055844772482,False
77,39,59,0.8988262795265719,33.228148125263935,1.6230087986935005,False
78,40,41,1.2313669837098873,20.437919179582728,3.614948193767231,False
79,40,60,0.8078852898697046,34.60064958814456,1.4009308486737464,False
80,41,42,1.7834812133588722,25.648096685246045,4.172195469891873,False
81,41,61,0.8683364599231007,30.434391590231698,1.7118853005791073,False
82,42,43,1.5876233567326397,35.58509294987269,2.6768906164765034,False
83,42,62,1.7806247184298556,47.957054742544145,2.2277740716010355,False
84,43,44,1.5515798247886647,49.01895126165162,1.8991591433770547,False
85,43,63,1.3568122007749406,47.94602531868341,1.6979245204455646,False
86,44,45,1.8245772893405399,37.652097574247435,2.9075309056701473,False
87,44,64,1.9996141595448977,27.317206602709014,4.391988218912394,False
88,45,46,1.4975064562833884,33.2978764515578,2.6983819075585456,False
89,45,65,1.8792774628232354,38.115787013927,2.9582662881444466,False
90,46,47,1.110855897917563,30.98930414083795,2.150785754082812,False
91,46,66,0.9773313104598322,35.306984883246386,1.6608577260703816,False
92,47,48,0.9406406837971175,37.84097894943908,1.4914635560363496,False
93,47,67,0.9873713041573429,28.718084994029038,2.062890971377723,False
94,48,49,1.4996023270333352,36.34913752904264,2.4753307984298103,False
95,48,68,1.5953162614883518,24.055139911305872,3.9791485745760875,False
96,49,50,0.9521608462011479,36.240459635898716,1.5764052483340456,False
97,49,69,1.6986704474650396,27.562834359593335,3.6977411509360505,False
98,50,51,1.4784998200988986,34.80170423764172,2.5490127897238057,False
99,50,70,1.9855216282222319,37.2921045878716,3.1945447705324366,False
100,51,52,1.5620510863229815,43.72381139372382,2.14352459659617,False
101,51,71,1.9985586453664677,22.630905152270792,5.298662069199469,False
102,52,53,1.7356680034919991,37.08283891739488,2.8083092678395167,False
103,52,72,1.0052226231288959,30.604308900420868,1.9707472429447455,False
104,53,54,1.2341718890696334,26.465009094308257,2.7980460191908176,False
105,53,73,1.0770574655323493,44.679406065228605,1.446381087465566,False
106,54,55,0.8149680511802688,38.709121402793144,1.263218623900045,False
107,54,74,1.3532782803696288,21.07402127751412,3.8529284825584864,False
108,55,56,1.922054061911396,25.31976804151362,4.554672204168806,False
109,55,75,1.1880694559026868,37.87459127253711,1.882110537938647,False
110,56,57,1.4139690766999475,23.61127627247553,3.5931198137262736,False
111,56,76,1.3778656967259924,32.47833905994823,2.54544857269223,False
112,57,58,1.088139189249997,31.293295379438753,2.086336723677159,False
113,57,77,1.1479476243132134,20.545099390171888,3.352471368025665,False
114,58,59,1.7268579251708809,29.21289263519447,3.546772201032433,False
115,58,78,1.3263895611342629,36.210609246594174,2.1977916230597825,False
116,59,79,1.1973665585896034,47.90225974209828,1.499762096864896,False
117,60,61,1.5331925578036794,36.71128107077463,2.5058115866584134,False
118,60,80,1.3485895377489405,34.21129179902985,2.3651656517463335,False
119,61,62,1.0571633640700047,47.85704816125168,1.3254014671042196,False
120,61,81,1.4781132188816668,45.140902646996736,1.9646659223107144,False
121,62,63,1.8778762154165343,24.12140143131113,4.671062468979758,False
122,62,82,1.0634551152303073,20.460762416433287,3.1185204937705984,False
123,63,64,1.7142793607069735,45.15792420255763,2.2777123496875187,False
124,63,83,1.5036579241097257,27.123107427222266,3.326295694129583,False
125,64,65,0.9504490101191584,44.3853241277256,1.284815234041002,False
126,64,84,1.1662718512693766,43.88557068083773,1.5945175143117636,False
127,65,66,1.8383586454296201,41.606431830834445,2.6510689302617143,False
128,65,85,1.782038673305051,29.705349298759227,3.599429830733185,False
129,66,67,1.0720136788497774,35.33804220976117,1.8201580141080869,False
130,66,86,1.0457643712683393,47.210645873538596,1.329061721463743,False
131,67,68,1.4700051210135436,36.23154494374796,2.434351264837032,False
132,67,87,1.10065641242691,45.16342587249638,1.4622315174241745,False
133,68,69,1.758419218184859,34.437384126451505,3.0636808156997204,False
134,68,88,0.9789024595643584,21.399282392274856,2.7446783727226545,False
135,69,70,1.5277871100347622,23.09278612255821,3.9695178449057087,False
136,69,89,0.9734830204992344,28.867042441883292,2.0233794767006774,False
137,70,71,0.8333461950076948,42.27120214353127,1.1828566296904635,False
138,70,90,1.971770927622821,23.883083740829385,4.953558633432186,False
139,71,72,1.7990706763122615,31.117425282133468,3.468932265444001,False
140,71,91,1.9457389241336709,23.204155982036227,5.031182152817766,False
141,72,73,1.5236676821203758,20.241343853166164,4.516501551991696,False
142,72,92,1.5803582195216097,47.47760815594154,1.997183448244754,False
143,73,74,1.5799576305911767,20.40951888754744,4.644766903021406,False
144,73,93,1.5944750722443217,37.66380483416253,2.5400647851670115,False
145,74,75,1.8049902006527327,26.007282387224254,4.164195644384769,False
146,74,94,1.7723976445134992,24.83781561660149,4.2815302405147975,False
147,75,76,1.579999085288271,21.95433065318993,4.3180521699723045,False
148,75,95,1.5177092821876466,39.4350756099614,2.3091766789526873,False
149,76,77,1.4505684463129231,44.83015579579205,1.9414187890675318,False
150,76,96,1.123337933063394,26.87495440365234,2.507921500869369,False
151,77,78,1.8137219248468577,43.41187137239594,2.50676398069327,False
152,77,97,0.8098901539363307,32.84275591382089,1.4795776993772547,False
153,78,79,0.8080156825426499,49.66177553477425,0.9762224654777312,False
154,78,98,1.6110452545733898,43.741908254424395,2.2098422115506624,False
155,79,99,1.0806192112460902,37.361165455785226,1.735415688557586,False
156,80,81,1.7925120288288425,45.932027991687036,2.3415191192776317,False
157,80,100,1.3283145030572086,35.46856422772041,2.247028373399563,False
158,81,82,1.5538258432584142,33.41246234535447,2.7902627957160155,False
159,81,101,1.4077091809562903,40.31030891678726,2.095308945206394,False
160,82,83,1.3082409139304163,29.237327938044537,2.684734220656516,False
161,82,102,1.224650752384634,32.472376650777406,2.2628169762042627,False
162,83,84,0.8623755190337259,44.873030176006864,1.1530875213702358,False
163,83,103,1.7687534335329231,35.53010968176885,2.9869090459473076,False
164,84,85,1.591509455494702,25.408743137884176,3.758177522260307,False
165,84,104,1.1881025982495954,47.034020235478565,1.5156296556849156,False
166,85,86,1.4610071822429151,34.82359686700677,2.5172710122206765,False
167,85,105,1.25978184589574,45.64366917494474,1.656021790536429,False
168,86,87,1.227969075674844,23.20471750593653,3.1751364575604657,False
169,86,106,1.3095713506467903,33.968294208232926,2.3131653464000936,False
170,87,88,1.733705515885466,43.520722889419474,2.390179299581839,False
171,87,107,1.5343168112765788,33.1387963142423,2.77798287552858,False
172,88,89,1.2739676692897954,49.23329472302417,1.5525684516425653,False
173,88,108,1.0343889676368494,23.772567153542727,2.6107124929905567,False
174,89,90,1.183508209116468,39.314523686231304,1.8062152580995736,False
175,89,109,1.1416728024412603,42.71994257952865,1.6034751923871011,False
176,90,91,1.526509030233555,26.16612847237573,3.5003474782563977,False
177,90,110,1.573787600745358,42.74332858607125,2.2091694579792844,False
178,91,92,1.1434068900894978,22.756563713518233,3.0147088228710177,False
179,91,111,1.9389271924944516,47.98390770875323,2.424471809503025,False
180,92,93,1.7498486678231644,32.97009480498815,3.18442881921909,False
181,92,112,0.9440135418200382,48.214418556809264,1.1747691708127626,False
182,93,94,1.0967051157390908,46.19346026301349,1.424493999143695,False
183,93,113,0.8854063068894605,33.806993436548005,1.571402038843715,False
184,94,95,1.2460740554324454,46.605708948177636,1.6041906670506758,False
185,94,114,1.2002254740468403,26.478807666373466,2.7196665858283104,False
186,95,96,1.1577762619899468,22.346943273630508,3.108549337992354,False
187,95,115,1.0000342473749428,23.672177941814233,2.5347078325442,False
188,96,97,1.990375929500048,21.815776925541424,5.4741371887693635,True
189,96,116,1.0579301188832637,37.044275760987276,1.7135118943219991,False
190,97,98,1.3961203494509347,45.578523313375854,1.8378660579043609,False
191,97,117,1.8592314772157519,39.02065474510691,2.858842050745796,False
192,98,99,0.963474529167243,22.392907342193848,2.581552759837886,False
193,98,118,1.2669298966608955,44.56949834237034,1.7055564147417994,False
194,99,119,1.750324517900966,35.73965140726094,2.9384581812883037,False
195,100,101,1.5388484960497304,46.226764574548966,1.9973474374154747,False
196,100,120,1.949643758114188,31.883406900731494,3.6689499917954964,False
197,101,102,0.9726619741342122,22.65348982943548,2.5761910808206387,False
198,101,121,0.9323317875642771,32.59532066985041,1.7161944139300704,False
199,102,103,1.3189585054910762,22.75751703339087,3.4774228758502255,False
200,102,122,1.3419634056539866,24.985983599356295,3.2225188982079356,False
201,103,104,1.0253231237423257,39.93917392906867,1.540326986577063,False
202,103,123,1.5275811640985646,26.112552127379246,3.509992795756372,False
203,104,105,1.680990178732238,27.942067593056592,3.609590105958986,False
204,104,124,0.9285994977484051,23.299147846312337,2.391330800268849,False
205,105,106,1.8405920312310404,49.760171374441754,2.219355738203612,False
206,105,125,1.6114470353088097,22.33631011642722,4.328683726835452,False
207,106,107,1.3765560813804694,49.98511227957886,1.6523592949209245,False
208,106,126,1.1644118065087286,37.19298313636645,1.8784378799185804,False
209,107,108,1.676545832045488,30.65926674481081,3.280990075855449,False
210,107,127,1.3429053387648229,35.74205604877202,2.254328072675541,False
211,108,109,1.5967853355434045,23.62536424791359,4.0552653126211675,False
212,108,128,1.9836076877185866,38.70043565706689,3.0753261363191453,False
213,109,110,1.0156225646271315,46.446735918462394,1.311983558642396,False
214,109,129,1.1653853313269973,24.02052547750388,2.9109737813648353,False
215,110,111,1.3414537626958793,42.919266179734876,1.8753169130313858,False
216,110,130,1.3421114600299282,43.5057354555347,1.8509441745697757,False
217,111,112,1.1890141596890687,21.15051826162434,3.373007162230416,False
218,111,131,1.46197166970346,30.16045563794235,2.908387765596503,False
219,112,113,1.2837125871239585,29.247949998611723,2.633441155058507,False
220,112,132,0.8245868201327003,33.20934579285044,1.4897977670675289,False
221,113,114,0.923013691044928,32.45265160562867,1.706511447375545,False
222,113,133,1.511709167104541,44.52960541763267,2.0369044184334135,False
223,114,115,1.1029466625204023,44.71025116360713,1.4801258778230744,False
224,114,134,1.9494312227418522,39.02255422548401,2.9973915261581103,False
225,115,116,0.8276881941690488,40.54716293703827,1.2247784568123077,False
226,115,135,1.8436500163236738,32.36573387010142,3.4177813308168865,False
227,116,117,1.1673777916373829,30.58598943343093,2.290024576471125,False
228,116,136,1.1843811681992482,26.35150361797987,2.6967292311725264,False
229,117,118,1.3067458732149968,48.138128062343,1.6287453531919425,False
230,117,137,1.73914305167718,27.467589906709087,3.7989712040641455,False
231,118,119,1.8399542691076263,27.823608905078558,3.9677547410575884,False
232,118,138,1.9535986810410448,24.09248306691252,4.865248656060757,False
233,119,139,1.452627521659576,47.098572501914646,1.8505370050447163,False
234,120,121,1.3717490469888454,27.771833673320238,2.963612118215989,False
235,120,140,1.1005571582225615,40.62510583449802,1.6254340299411463,False
236,121,122,1.6411095239188773,26.646994769900182,3.695222380062091,False
237,121,141,0.8996680768174731,28.81721315186558,1.8731889279013714,False
238,122,123,1.1555237861068748,43.87198572749872,1.5803120377784936,False
239,122,142,0.9020411509639326,43.72765294822798,1.2377172203117117,False
240,123,124,0.869643209053932,38.00079565671786,1.3730921061388797,False
241,123,143,0.9206505990625649,38.65661093516756,1.4289673773108906,False
242,124,125,1.111778269759963,41.14764554485947,1.6211546323561488,False
243,124,144,1.7860442934509684,46.151051905424396,2.321998160012961,False
244,125,126,1.5485761401801765,28.992966790093583,3.204727859811779,False
245,125,145,1.5693635036756484,33.61527825400387,2.8011611121893187,False
246,126,127,1.2434858897962884,31.86473999871051,2.341432988023645,False
247,126,146,1.7276656839887072,28.770874072051285,3.6029472298869147,False
248,127,128,0.9235069161764398,32.98017935146496,1.6801126027874402,False
249,127,147,1.8285542042953602,48.3325283565386,2.2699671626609454,False
250,128,129,1.6032043499808197,45.911685827491496,2.0951585476578196,False
251,128,148,0.872975885976154,25.988149039433083,2.015478404371651,False
252,129,130,1.8204801702156852,32.927388768692445,3.3172630535706644,False
253,129,149,1.5954888963899458,32.41526073683715,2.953218070975089,False
254,130,131,1.8849849127296692,21.264716149557213,5.318627061294452,False
255,130,150,1.0704706385452691,23.296292892635716,2.757015401923436,False
256,131,132,1.511163793863333,31.173030173347264,2.9085984624402057,False
257,131,151,0.982517444093201,34.42115123756514,1.7126401798338602,False
258,132,133,1.2013020400845713,22.11583251060371,3.2591186594723722,False
259,132,152,1.221320549312801,46.71600981170347,1.5686107022866895,False
260,133,134,1.0738130960553751,38.7860981393947,1.6611308910674558,False
261,133,153,1.5008520917419748,41.214970731880925,2.184913003829005,False
262,134,135,1.9315077462110786,27.538077181723434,4.208371703220416,False
263,134,154,1.5388694611719163,27.341684938595076,3.3769743114836497,False
264,135,136,1.8917171528702093,31.298920698441037,3.6264199096765024,False
265,135,155,0.9147646703901497,23.523401606002096,2.3332458945650365,False
266,136,137,1.2003558349887258,38.103901334965656,1.890130605425274,False
267,136,156,1.219141815350819,22.916216769028267,3.191997599704626,False
268,137,138,1.4501488971266288,49.936848343188295,1.7423793594187909,False
269,137,157,1.0300964351811013,32.85824893564359,1.880982344248452,False
270,138,139,1.6839395806859014,25.238558352121366,4.003254600818423,False
271,138,158,1.4210010264257582,43.4981902371789,1.9600829625475258,False
272,139,159,1.9150139499230083,39.30289123087594,2.9234703452329125,False
273,140,141,1.8099794790606616,49.57600057814477,2.190551223922542,False
274,140,160,1.2926383365261382,45.190125537079176,1.7162665354388216,False
275,141,142,1.8215655099229568,30.330456693435337,3.6034383425236314,False
276,141,161,1.258743076174073,20.61313936639887,3.6639050087419354,False
277,142,143,1.5085678955247346,26.923451799204546,3.361904498967637,False
278,142,162,1.944543982283543,31.38456119296014,3.7175169733831868,False
279,143,144,1.9395235985003654,24.45832794115082,4.757946503539538,False
280,143,163,1.7615873126190698,29.63454773959142,3.566622297931564,False
281,144,145,0.9856710079082693,40.098486584118525,1.474875126532066,False
282,144,164,1.4244544948234463,48.8693283092891,1.7488938900181512,False
283,145,146,1.0359524321225582,31.881906612409608,1.949605670796352,False
284,145,165,1.3515108294633775,44.437909630075794,1.8248079273494924,False
285,146,147,1.0654205102129506,40.79653597712877,1.566927904090058,False
286,146,166,1.7154623991996627,22.183733620214824,4.639784524737863,False
287,147,148,1.101860733604843,48.63143698119812,1.3594425359433786,False
288,147,167,1.0822231166008476,22.27765001687257,2.9147323414665296,False
289,148,149,1.2460476906340407,24.211447612248044,3.0879137272329613,False
290,148,168,1.335121123147718,23.286650562629116,3.440051078767886,False
291,149,150,1.7441413091309854,33.232054132700654,3.1490222701847386,False
292,149,169,1.0073459370220763,25.561252804270246,2.3645459275465317,False
293,150,151,1.566041536762218,43.443690723397324,2.162857037261984,False
294,150,170,0.9619117733988515,25.49658022878804,2.2636253915639144,False
295,151,152,1.1585509816336088,25.17859975984737,2.7607992327226185,False
296,151,171,1.6166613746826322,31.385914186400655,3.09054826011687,False
297,152,153,1.8821182533054384,38.814178376526684,2.9094289747125046,False
298,152,172,1.4223206369381205,37.489690352382894,2.276338839135356,False
299,153,154,1.1132391938457225,37.364094197449994,1.7876614719406712,False
300,153,173,1.277022469743959,31.81241082488142,2.4085363604291734,False
301,154,155,1.3657310440343764,41.341410518433676,1.982125467284788,False
302,154,174,0.998462527695411,25.984235779155924,2.3055421822250226,False
303,155,156,1.8082744178712553,30.685461533184125,3.5357612253915156,False
304,155,175,1.8332711674986935,32.69242368292015,3.3645798524074593,False
305,156,157,1.5329577053494798,40.642725988498384,2.2630731596841653,False
306,156,176,1.0897797942529215,20.650890004765653,3.1662939292246404,False
307,157,158,1.1505050895307778,29.683506176837398,2.3255441914645623,False
308,157,177,0.9047413899843346,29.553343965484117,1.8368304941214064,False
309,158,159,1.1912526356874338,46.3702743176648,1.5414003732563102,False
310,158,178,1.8297452048191383,29.801083872369485,3.6839167581732424,False
311,159,179,1.3021523782880902,33.763431065472204,2.314016681118149,False
312,160,161,1.8865606963349604,45.428773592084966,2.4916728502620042,False
313,160,180,1.0769709043703741,45.14528342162919,1.4313400950156339,False
314,161,162,0.810174206966508,48.751827217315764,0.9971001128081807,False
315,161,181,1.7591978434538755,31.065999344377907,3.3976653844980693,False
316,162,163,1.7499002077899344,28.32876011485635,3.7062692486966426,False
317,162,182,1.6028578994025104,22.597946070618583,4.255761725584032,False
318,163,164,0.8631718507675981,20.449822807619153,2.5325554912270416,False
319,163,183,1.5375767525677482,25.831449077804592,3.57140650051002,False
320,164,165,1.4605836093211795,43.94082221871156,1.994387272115101,False
321,164,184,0.8770726665653152,40.74678601421109,1.2914971987131778,False
322,165,166,1.0848239962308703,25.808919775077282,2.5219745863485024,False
323,165,185,1.4659841832122713,20.77696970031632,4.233487956205526,False
324,166,167,0.9123169782100837,38.70699885039855,1.4141891729754037,False
325,166,186,1.7289149513925297,40.73247011006514,2.5467372050662482,False
326,167,168,1.5561885024174744,24.14807309235902,3.8666153522035347,False
327,167,187,1.0808520262858035,28.492700969090635,2.276060863710317,False
328,168,169,1.6694557630279356,44.31471224971838,2.260363222426491,False
329,168,188,0.9974402271756084,26.032730596204562,2.2988911366547846,False
330,169,170,1.4864448540478667,27.861603275482878,3.2010609856523518,False
331,169,189,1.7928488756586527,22.718923121295774,4.734860537411945,False
332,170,171,1.1883597981038578,40.57701639392157,1.7571914897348746,False
333,170,190,1.2466045095116365,33.59740530206821,2.2262513994226167,False
334,171,172,1.633181016716839,42.27457305271517,2.3179621679636733,False
335,171,191,0.9695033755609248,34.53704054042118,1.6842845137693463,False
336,172,173,1.39742650157531,23.445357841564572,3.5762128546349095,False
337,172,192,1.9113141283039807,48.09600080941038,2.3843738724280996,False
338,173,174,1.532777231315959,46.254925055173416,1.9882560347737819,False
339,173,193,1.2732638270651684,40.55734777883623,1.8836495433701714,False
340,174,175,0.9756121043374177,28.21730332333631,2.0744975375387464,False
341,174,194,1.2314059151577978,28.59683045821143,2.5836553815792676,False
342,175,176,1.0557111680617979,26.847962571663732,2.359310130689839,False
343,175,195,1.8825674685788978,42.661369131291465,2.647689242394328,False
344,176,177,1.2932040058987135,29.50487898930318,2.6298104927681085,False
345,176,196,1.9214431451520964,32.959152736433964,3.4978626310889593,False
346,177,178,1.4831925840686673,28.915980473200378,3.0775907850193183,False
347,177,197,1.841007287096917,35.610152336988804,3.1019366662769956,False
348,178,179,1.7711152566099955,22.895725789971642,4.641342946339127,False
349,178,198,1.5206761607756643,20.605686100219696,4.427931649680282,False
350,179,199,0.9263909070923295,36.99235172294905,1.5025661207437457,False
351,180,181,1.6452343318566842,46.213753392792334,2.136032082752163,False
352,180,200,1.8739968225616783,29.28497947142773,3.8395044621220946,False
353,181,182,1.1667549325703317,30.59386891769317,2.288213241109043,False
354,181,201,1.0282032065971551,25.722569244503237,2.3983682115662908,False
355,182,183,1.3840816716311566,47.81411713265885,1.7368280599527497,False
356,182,202,0.8725100979541025,36.351775758590385,1.440111377911849,False
357,183,184,1.4774583771787198,34.94167305823185,2.537013682286712,False
358,183,203,1.993667147262748,23.805159667892102,5.0249622562753,False
359,184,185,1.2476249541452604,49.95190827621337,1.4985913417918821,False
360,184,204,1.2886270472275787,29.652242302074733,2.607479800212104,False
361,185,186,1.1235735669646887,45.13066399639384,1.4937607393338608,False
362,185,205,1.029507034013322,23.679059021350422,2.6086518887893098,False
363,186,187,0.8962297014724382,28.854696063981287,1.8636059090385284,False
364,186,206,1.0244433256474255,21.391496455481246,2.8734127912353533,False
365,187,188,1.6143513536948961,33.83999935256525,2.8623251499663867,False
366,187,207,1.4430911534526465,32.5654216679947,2.658816154444424,False
367,188,189,1.2338188073664809,30.627772533501116,2.417058842950942,False
368,188,208,1.9660015025246695,48.26875833107876,2.443818615394739,False
369,189,190,1.1492707011217724,49.58182063251669,1.390756555278318,False
370,189,209,0.9831711755159689,34.85426058504309,1.6924837750330144,False
371,190,191,0.9855693750916938,33.40273239673179,1.7703390789457532,False
372,190,210,1.0646050782067817,26.310367709776756,2.4277997706839685,False
373,191,192,1.8670411336293784,48.615328814746576,2.3042622717751264,False
374,191,211,1.4545727895138358,20.04734558018418,4.353412626213048,False
375,192,193,1.7723902074257556,33.07974608513707,3.2147590302492097,False
376,192,212,1.9675319650835026,47.67140479579127,2.4763675081677583,False
377,193,194,0.9717845363561742,39.61680763987643,1.4717761388396495,False
378,193,213,1.8590757737209243,34.66243869648609,3.21802361916801,False
379,194,195,1.913770687706146,48.754874576951806,2.3551745801567763,False
380,194,214,1.2752014113691228,32.8890905245707,2.326366690650412,False
381,195,196,1.7763690695443612,29.646259846435196,3.5951295281343087,False
382,195,215,1.2289520186742764,25.558970631346707,2.8849800793628972,False
383,196,197,0.8012943460913072,27.502518222390222,1.7481184950670325,False
384,196,216,0.8562353464579269,25.8084012679197,1.9905967926550554,False
385,197,198,1.4949380800076844,34.70406923725338,2.5846042487771386,False
386,197,217,1.7719057726303398,33.21744133798218,3.200557962188864,False
387,198,199,1.084961856968731,28.214880212559386,2.307212042996613,False
388,198,218,1.0062441348261655,22.694633988935372,2.660304991876283,False
389,199,219,1.5163604406347586,28.343865759097554,3.209922993968565,False
390,200,201,0.9416921218894228,33.25727570069921,1.698922299645171,False
391,200,220,1.9691564755465405,41.45103608793048,2.850336196233093,False
392,201,202,0.9738976987637167,38.818548816073346,1.505307738387883,False
393,201,221,1.9614821872878405,38.37516646062687,3.0667992374188113,False
394,202,203,1.957739774629681,27.72949477150157,4.236081019352091,False
395,202,222,1.2340272537135588,37.042513714750235,1.9988285836371398,False
396,203,204,1.6215555487107305,46.56256073965051,2.089518518250079,False
397,203,223,1.6297771302617083,29.762818530463363,3.285529820222309,False
398,204,205,1.1373824489651194,32.663754168861914,2.0892560783157803,False
399,204,224,1.9545078215902596,38.87338364261059,3.016729142324286,False
400,205,206,1.0441418725362313,39.377110979694265,1.5909880332378892,False
401,205,225,1.9371553294092476,44.15386177770045,2.6323704220874182,False
402,206,207,1.6175820845668292,44.962654578221354,2.1585675041753523,False
403,206,226,1.908497398292628,42.98440591975289,2.663985728018083,False
404,207,208,0.9883722484744266,30.761845599973835,1.9277885884882031,True
405,207,227,1.6334638843366824,33.150089752842774,2.956487713635717,False
406,208,209,0.8911744295204003,24.05052161797223,2.223255970102002,False
407,208,228,1.5356732724678523,38.0842304669582,2.419384485870391,False
408,209,210,1.6239113153443083,38.06937014219097,2.5593982394963506,False
409,209,229,1.1683580293671132,39.56516171241881,1.7717981862822303,False
410,210,211,1.6117240104560957,27.263111217109966,3.5470434704706757,False
411,210,230,1.9344848221998514,40.51201453014994,2.8650535076602988,False
412,211,212,1.2403095613701016,42.24731623766061,1.761498251476315,False
413,211,231,1.5608617429264304,22.88554516467515,4.092177131971554,False
414,212,213,1.3515401354252838,22.218253965959452,3.6498101178318767,False
415,212,232,0.8018822673928501,27.61688567749109,1.7421564692497187,False
416,213,214,1.08595048424813,21.778957664279293,2.9917423073811724,False
417,213,233,1.61541481351701,44.91778427544766,2.1578288059947863,False
418,214,215,1.2272762621435718,38.50753883707328,1.9122638826691365,False
419,214,234,1.5152937502122714,21.63243782065035,4.202837690625244,False
420,215,216,1.2166531634064315,43.0810352550425,1.6944622934947127,False
421,215,235,1.1252486816091996,47.48033191834965,1.4219555375614295,False
422,216,217,1.6562875504631402,37.34841637558737,2.6608157097859153,False
423,216,236,1.9619511278211046,48.17484022041717,2.4435383102604695,False
424,217,218,1.7493047117098501,37.768431950661956,2.7789949775966654,False
425,217,237,1.9208269872743424,41.88388040830888,2.7516461730130772,False
426,218,219,1.1026425155570418,32.886190227414986,2.011742633486034,False
427,218,238,1.490715246246221,43.5725188427089,2.052736843092558,False
428,219,239,1.6173301632970853,43.77007423728388,2.2170355314400045,False
429,220,221,1.0469705236174873,41.05808974088596,1.529984268958679,False
430,220,240,1.2369047320880546,40.63061964072772,1.8265604753635514,False
431,221,222,1.9898123544234272,30.59554847258616,3.902160517644547,False
432,221,241,1.1066642017438981,42.5439824959506,1.560734285064966,False
433,222,223,1.3049780315050046,43.361636112711786,1.805713273520748,False
434,222,242,1.747489528427454,30.278128749263942,3.4628748881383933,False
435,223,224,1.7972987483381304,43.33828417610852,2.4882832107999464,False
436,223,243,0.9418337512997033,47.76352783947928,1.1831208378890605,False
437,224,225,1.2004657211878487,47.80887251935944,1.5065810899871013,False
438,224,244,1.7050967882421468,26.352778712110485,3.8821639422606284,False
439,225,226,1.287352478689654,35.783001840294354,2.1585989086695316,False
440,225,245,1.949580774622081,23.86524014521779,4.901473681619949,False
441,226,227,1.0242942848312722,23.69226619544055,2.5939965633892603,False
442,226,246,1.9190950847242405,22.655321899165568,5.082501391767709,False
443,227,228,1.730605146194196,34.2913307415422,3.0280629688675034,False
444,227,247,0.9082550549402509,44.6026949043014,1.2217939614038797,False
445,228,229,1.6717227594623216,43.21898257464997,2.3208173721926553,False
446,228,248,1.8067496089405204,37.602261320976524,2.8829376938550557,False
447,229,230,1.1571373704754155,23.504803117309315,2.95378956726495,False
448,229,249,0.8280623494776859,26.371241509252343,1.8840122089523024,False
449,230,231,0.8226135647198035,48.52882287880617,1.0170618398564877,False
450,230,250,0.9969965564399426,33.202156446311776,1.8016839804705385,False
451,231,232,1.9498182726766478,30.0863790494583,3.888440552061223,False
452,231,251,1.9651028896663685,24.665816119955117,4.780144829045156,False
453,232,233,1.4084744121613313,41.73605096639578,2.024831357373096,False
454,232,252,0.8337962049638938,30.439595804308425,1.6435097436725061,False
455,233,234,1.2875699995167615,21.750349907049728,3.551860098855975,False
456,233,253,0.8881564007205148,48.608656754972074,1.0962941089249507,False
457,234,235,1.9376673152131747,26.937921629900696,4.315850365521279,False
458,234,254,1.5665935688676127,33.62735921229782,2.7952124797739617,False
459,235,236,0.8526591281963463,29.965198208828816,1.707298824965134,False
460,235,255,1.0060847493369207,28.218164817279582,2.139227882149525,False
461,236,237,1.4276785277808717,38.23631651110976,2.240297169889865,False
462,236,256,1.4823567825785229,42.027398654056924,2.1162719988172722,False
463,237,238,0.8710846667108993,34.071713966613835,1.5339727274614783,False
464,237,257,1.674200224329901,36.315990810207566,2.7660546007066222,False
465,238,239,0.9410692622624921,44.33350679657883,1.2736225896776296,False
466,238,258,1.7107919872131765,20.904399916128995,4.91033082244049,False
467,239,259,1.2760606408051673,48.00127023714455,1.5950335911957436,False
468,240,241,1.4673576816905776,40.196344852710524,2.190285241706444,False
469,240,260,1.5359282008021156,30.628048627068452,3.008865931036873,False
470,241,242,1.9223017875771733,38.414018182931194,3.002500459737885,False
471,241,261,1.166378224745201,33.013218415002015,2.1198385629954277,False
472,242,243,1.0311067487818586,25.5534082860893,2.4210627496055075,False
473,242,262,1.5777347653201672,37.72471061425432,2.5093389552322005,False
474,243,244,0.9752936765218483,48.89862537523805,1.1967129984178215,False
475,243,263,1.51556059159693,25.75681512461797,3.5304689285478785,False
476,244,245,1.3383387832085414,32.790393381188416,2.448897945780063,False
477,244,264,1.0393783257495013,29.060596812439265,2.145953847660692,False
478,245,246,1.654587607006414,28.009710322218954,3.5443157133129595,False
479,245,265,1.333553332663607,22.049417528742904,3.6288124099202994,False
480,246,247,0.8666179531326917,21.51670418724467,2.416591162636605,False
481,246,266,1.6102292676915593,30.639447201738186,3.1532473619828436,False
482,247,248,1.8438009519878225,35.55711454440652,3.1112776876511825,False
483,247,267,1.277783953804486,44.29193809530997,1.7309478998930359,False
484,248,249,1.3923092417006089,42.05740740449814,1.9862982446488577,False
485,248,268,0.9070631371947502,38.49511154453427,1.4137844013966074,False
486,249,250,1.6942889304559952,25.698830721924022,3.955718333154919,False
487,249,269,1.9132514759252122,28.334293684047992,4.051454037837603,False
488,250,251,1.8412235505614254,26.683568778303176,4.140128854260048,False
489,250,270,1.356055272940925,22.373081304706194,3.6366611853031023,False
490,251,252,1.7133732682060212,32.460019133625906,3.1670466880860975,False
491,251,271,1.0559363796490384,35.98850961107562,1.760455863930641,False
492,252,253,1.8952569595572857,22.334433774604165,5.091484240032072,False
493,252,272,0.8783291148487222,39.80806319701922,1.3238460416951263,False
494,253,254,1.6950493606681372,28.54547006261233,3.5628406684847183,False
495,253,273,0.8308672064089574,39.973962161665455,1.2471126125281857,False
496,254,255,1.8294592549140094,48.57017078318478,2.259978779667841,False
497,254,274,1.388904040732895,46.40328943232791,1.7958692899455744,False
498,255,256,1.7297253531899175,38.19026590634466,2.7175385855104293,False
499,255,275,1.7097063665856773,25.831472714094964,3.9712169387526433,False
500,256,257,1.555509441381742,32.93991318726623,2.8333579980102637,False
501,256,276,1.0844410493136767,49.73093398121145,1.3083700174101491,False
502,257,258,1.6301530125988135,21.112189546068738,4.632829794489112,False
503,257,277,1.3030618058908034,39.354416027465646,1.986656549518697,False
504,258,259,1.2290705348980744,37.58520748887719,1.9620546757845632,False
505,258,278,1.7641422965945481,29.532490169986463,3.5841385940168893,False
506,259,279,1.1852572120598883,30.61878195336803,2.3226081570423376,False
507,260,261,1.762127892711224,20.091057704030753,5.262424463668825,False
508,260,280,0.8601200057794014,26.895315532334603,1.9188174343862923,False
509,261,262,1.139674002166974,27.40325116428061,2.4953404149048732,False
510,261,281,1.1267768846550772,47.01004205897567,1.4381313038284431,False
511,262,263,1.350092873717967,36.645115632787416,2.210542142500433,False
512,262,282,0.8047060119297202,49.794296065518566,0.9696363746613474,False
513,263,264,1.366571827426515,48.206732684744736,1.7008891720956316,False
514,263,283,1.776287481372568,44.265694924933506,2.407671427345477,True
515,264,265,1.1783503673714781,39.087486755135785,1.80878915252844,False
516,264,284,1.8658367970253067,38.08432640944224,2.9395349314557553,False
517,265,266,0.9418590207827431,40.443515561354275,1.3972954740107728,False
518,265,285,1.677041409137154,25.640501379586542,3.924357135556598,False
519,266,267,1.3403348658750942,29.631422881265593,2.7140138451923983,False
520,266,286,1.3130490351444095,30.34179715443097,2.5965153516676085,False
521,267,268,1.8479545304366505,31.503740055732813,3.5194955148197526,False
522,267,287,1.4638049450049797,39.57541816414356,2.219263895987679,False
523,268,269,1.9824870961215113,21.23896836512906,5.6005180535315455,False
524,268,288,1.5773836546454747,37.98783359293263,2.491403439661696,False
525,269,270,1.5098176024899912,23.89968911544019,3.7903863816736925,False
526,269,289,1.27814178731701,35.406443593313405,2.1659477613702895,False
527,270,271,0.9653543142127501,34.02870881842807,1.702129198078713,False
528,270,290,0.869226313399819,44.126772591684286,1.1819033149462084,False
529,271,272,0.9941331814481205,29.477008304651026,2.023542900636754,False
530,271,291,0.9239490301242551,48.76130435143945,1.136904406984322,False
531,272,273,1.8839475332249516,46.22826669703694,2.4451890600679245,False
532,272,292,1.9893291042692964,29.86895082674583,3.9961144584053616,False
533,273,274,1.6508326460634115,46.197182258016014,2.1440692683506213,False
534,273,293,1.6916366851014302,29.475396599804796,3.4434889031063283,False
535,274,275,1.9468088391153295,21.53311835262166,5.424598910110867,False
536,274,294,1.208278341353945,46.50472128436944,1.5589105466933173,False
537,275,276,0.9717229420059449,46.80842867447694,1.2455743158100832,False
538,275,295,1.3883041491818653,20.033682807635387,4.157909943505977,False
539,276,277,1.0215648688797183,36.57533486180917,1.6758258636419014,False
540,276,296,1.209609370102421,23.08561008158626,3.1438009196921506,False
541,277,278,1.3597676240976977,22.287610399434257,3.6606013827275454,False
542,277,297,1.4390848384196164,27.30183461847429,3.1626112864499585,False
543,278,279,1.88823923873214,35.907421457212514,3.1551793397064336,False
544,278,298,1.7050769420953042,26.531230548503917,3.8560072190653507,False
545,279,299,1.6083782828896496,22.87497903542585,4.218701001820719,False
546,280,281,1.6869815135170187,26.069194905366032,3.882701064549808,False
547,280,300,1.2307208001344212,42.824827475636155,1.7243092934834605,False
548,281,282,1.244184361974862,35.78980068317106,2.0858194316123657,False
549,281,301,1.76848567732685,46.66019459274634,2.2740826858040237,False
550,282,283,1.591183255482298,42.5539923177655,2.2435261682622554,False
551,282,302,1.5747554089286933,43.17701181659005,2.188324771919885,False
552,283,284,0.8136975227902457,41.249835738260046,1.1835647462259224,False
553,283,303,1.2719953741136547,35.177754607674395,2.1695450234953126,False
554,284,285,1.1011701579012503,48.8030625491955,1.353812773685535,False
555,284,304,0.8670079686792393,21.65225664964389,2.402543021842942,False
556,285,286,1.716396120995661,41.37091664054358,2.489279320410691,False
557,285,305,0.8891827588132887,27.356707852614,1.950196851764073,False
558,286,287,0.8448188322420054,48.443151767671104,1.0463631717775244,False
559,286,306,1.510236156310249,37.82857109080864,2.395389695293879,False
560,287,288,1.897965295407357,44.726264535539876,2.5461083975379397,False
561,287,307,1.6037372406035324,20.104856685602424,4.786118893606462,False
562,288,289,1.307358129834642,46.45981464209375,1.68837280980042,False
563,288,308,1.8185017630605809,49.79312513748062,2.191268482995954,False
564,289,290,1.6751260554167744,49.72652130038429,2.0212064044831894,False
565,289,309,1.9042655121495313,41.89128005298211,2.727439471519285,False
566,290,291,1.5000492007055706,42.29688014526595,2.127886305874684,False
567,290,310,0.8711934368432446,38.16537623245588,1.369608041912681,False
568,291,292,1.1272576079211685,45.87065301575905,1.4744820932031133,False
569,291,311,1.395837511730162,35.44472964286613,2.3628407254804924,False
570,292,293,0.9017918753383829,23.013649165218503,2.351105299809556,False
571,292,312,1.7284690861123064,44.10926170423154,2.3511648383992183,False
572,293,294,1.381789001885973,23.592779958607263,3.514097968048552,False
573,293,313,1.2718883649542607,25.271375013356696,3.0197526591616692,False
574,294,295,1.513367376489769,42.55476068144979,2.1337693159432574,False
575,294,314,1.1103615496781687,33.87286911312772,1.9668157650947353,False
576,295,296,1.5277347471561535,25.740902689407385,3.561028373223672,False
577,295,315,1.992028974033313,46.4437488483257,2.573473102533745,False
578,296,297,1.3822528444449078,31.263824977215023,2.6527518858341024,False
579,296,316,0.8536288286497864,26.530851049141987,1.9304970513052417,False
580,297,298,1.7240839438657962,48.376578920724576,2.1383288967470127,False
581,297,317,1.121212049971026,28.63671612084044,2.349177283959025,False
582,298,299,1.660263982875944,47.92114828312661,2.078744824393787,False
583,298,318,1.4859611079490094,37.75044277338891,2.361764788088517,False
584,299,319,1.981029426180418,24.572255000578934,4.837234741704603,False
585,300,301,1.7222954773668544,48.68634557235147,2.122519721436965,False
586,300,320,1.8722378929873058,24.94126897662361,4.503951811133767,False
587,301,302,1.770243892491485,38.117336788387824,2.786517697685706,False
588,301,321,1.8770083703320437,27.108413228310624,4.154448335703678,False
589,302,303,1.2409618303662635,39.67508456097693,1.8766868589162353,False
590,302,322,0.9093677418863738,39.82359067755789,1.370094046891915,False
591,303,304,1.7498912254685748,47.2949286967481,2.2199731857367957,False
592,303,323,0.8799055847033093,24.083579976728196,2.192129871606023,False
593,304,305,1.6678614232572042,43.73012034152286,2.288392636788873,False
594,304,324,1.8802999306863093,24.41328463000614,4.621172347391346,False
595,305,306,1.1526612889916845,37.25028087461578,1.8566216338688055,False
596,305,325,0.9707067772931267,26.639710537108577,2.1863002811707397,False
597,306,307,1.0695029842515424,47.5700918259094,1.3489605883027074,False
598,306,326,1.6365815077386054,33.52687529090657,2.9288411047047247,False
599,307,308,0.8062360091294449,47.46386645145951,1.0191786755770966,False
600,307,327,1.7625800222947428,29.50481983797263,3.5843228976974943,False
601,308,309,1.2459234229611338,46.56292962320778,1.6054704027988957,False
602,308,328,1.626667840927261,22.688281870798367,4.301783229397143,False
603,309,310,1.3338078170906638,21.134181040816774,3.786684180990008,False
604,309,329,1.7950186528960004,26.440984943501682,4.073264267722727,False
605,310,311,1.3074905262269314,20.86596381211067,3.7596840615665013,False
606,310,330,1.2833833142523554,28.951419669108045,2.6597313615437526,False
607,311,312,1.442206499511959,40.894994099156335,2.1159653370020344,False
608,311,331,1.7076271455622989,43.61956296660318,2.348891684499073,False
609,312,313,0.9042831551318133,46.770065632064856,1.1600793921210797,False
610,312,332,1.9366527882024664,44.22263616754198,2.6275947650862683,False
611,313,314,1.1919864951682246,38.0136615852617,1.8814075447502332,False
612,313,333,1.0406420743956482,39.221694791117756,1.5919384615138783,False
613,314,315,0.9703607934942264,46.61900924317194,1.2488821310199987,False
614,314,334,1.9126736871568983,48.09016271311068,2.3863595952884373,False
615,315,316,1.7702212448588672,27.515240676330322,3.8601615715795217,True
616,315,335,1.7146333414598027,28.34596955519621,3.629369610634088,False
617,316,317,0.8631782429546404,36.33572132941704,1.4253382809645556,False
618,316,336,1.4626637545493586,27.448367251955872,3.1972694210694104,False
619,317,318,0.8466810588753046,20.184189842510094,2.5168641361827735,False
620,317,337,1.3919371913752774,28.940541575071027,2.885786752327273,False
621,318,319,1.4055421635134253,26.99898719630367,3.1235441980709253,False
622,318,338,1.2753202025489263,23.007734772880212,3.3258038180764617,False
623,319,339,1.7265481845419461,48.146141394148245,2.1516343381384164,False
624,320,321,0.9909902881827087,33.1113711980287,1.7957401079935482,False
625,320,340,0.8961009122734201,49.9677891562242,1.076014281286405,False
626,321,322,1.925845288272211,45.103585705894716,2.561896476475284,False
627,321,341,1.7384207996230614,22.71916660467281,4.59106840459238,False
628,322,323,1.1514066794036706,40.71018374833655,1.6969808142180907,False
629,322,342,1.8118308939962282,37.879050212003904,2.8699202601791596,False
630,323,324,1.5527187147301234,25.048834772595427,3.719259747193196,False
631,323,343,1.9520840468945897,47.2153414275881,2.480656483090447,False
632,324,325,0.9017297864154157,39.488436407430996,1.3701172319586603,False
633,324,344,1.1513081445868885,38.94606631692227,1.7736961703163934,False
634,325,326,1.4398603779523989,24.457197190651705,3.5323599022281047,False
635,325,345,0.8988212998874718,33.683068727813506,1.601079712452585,False
636,326,327,1.5629681031955398,27.443586642553925,3.417122091699211,False
637,326,346,1.3358789863111435,24.688559165808726,3.2465539459132318,False
638,327,328,1.5398003604158519,48.74976971043596,1.8951478575943597,False
639,327,347,1.47808350274763,30.787370919736343,2.8805645794199983,False
640,328,329,1.6090738886182585,31.702379584568806,3.045337119239109,False
641,328,348,1.8699269859469771,30.042607237483026,3.7345500099217883,False
642,329,330,0.9145700279810669,33.77933037118516,1.624490511679102,False
643,329,349,1.8405206374353305,46.47578772995159,2.3761025609244655,False
644,330,331,1.6450077063180424,40.08789530914399,2.4621013804276504,False
645,330,350,1.1772193986433084,36.48310886998503,1.9360511235573188,False
646,331,332,1.3634945005430015,46.82439671206808,1.7471590832369492,False
647,331,351,1.9497817433943692,37.59302478862912,3.1119311431158776,False
648,332,333,0.8188756266147743,22.10853920834318,2.2223330602659237,False
649,332,352,1.077614830954606,36.92197069851603,1.7511765659863616,False
650,333,334,1.4788167443101223,23.36929775060009,3.796819468241356,False
651,333,353,1.5608295244654538,41.653886140511574,2.2482841373315634,False
652,334,335,0.989251654938304,44.02918814301913,1.3480852543430115,False
653,334,354,0.9346661407635855,33.838492065506045,1.6572833191636627,False
654,335,336,1.6766688948453083,41.91566370505004,2.4000606169239327,False
655,335,355,1.020870725131274,23.771636617588065,2.57669442341035,False
656,336,337,1.0232633491887113,43.93555706674543,1.3974057699564895,False
657,336,356,1.6913337982481802,48.45614985350022,2.094265190315372,False
658,337,338,1.5154432515806555,45.60644353477039,1.9937225542596149,False
659,337,357,1.4891265525636554,47.118431547862464,1.896234450483796,False
660,338,339,1.175403677138144,23.216995020744157,3.0376119116740106,False
661,338,358,1.890355406978055,48.552330113539675,2.3360634629367407,False
662,339,359,0.897134434935853,24.1762884850286,2.22648179142488,False
663,340,341,1.98479063937793,46.32282118842329,2.5708157514473102,False
664,340,360,0.872655216338571,42.035818578320075,1.245588042558508,False
665,341,342,1.5953613616213786,21.95749668814029,4.359407771150162,False
666,341,361,1.4438088695843683,42.45873216950531,2.040299550849057,False
667,342,343,1.1529998691805072,41.5544867458528,1.6648019881447507,False
668,342,362,1.017601557550858,46.642939116384795,1.3090104227930957,False
669,343,344,0.8488186911381981,41.943893450167565,1.214220170781223,False
670,343,363,1.284600271536219,38.471518977576096,2.0034565398132176,False
671,344,345,1.6517686820752089,27.561787825032035,3.5957798366948768,False
672,344,364,1.18413936354399,20.814082306444924,3.413475586701212,False
673,345,346,1.5606034014319512,33.61608117160698,2.785458650219011,False
674,345,365,0.9023356528345153,21.831032879054863,2.479962330230104,False
675,346,347,1.3990471619469016,48.23017555905565,1.740462868811869,False
676,346,366,1.2775037402282143,34.35346076308342,2.2312227854511235,False
677,347,348,1.8648047397253469,25.2240591825516,4.43577631870282,False
678,347,367,1.3397850750116458,33.955769484390956,2.3674063560141585,False
679,348,349,0.8488752327942144,49.98958381203906,1.0188625326259813,False
680,348,368,1.0146202904836708,36.11214514819815,1.6857823643317342,False
681,349,350,1.5255873006567011,46.39652850213258,1.9728898043566927,False
682,349,369,0.9243304759947064,44.6221777903785,1.2428758815899996,False
683,350,351,1.756690473545524,33.37394487573347,3.1581950771833953,False
684,350,370,1.5997530314625994,43.92644675726604,2.185134218075098,False
685,351,352,1.1900986717259707,47.05108775211291,1.5176252816886606,False
686,351,371,1.386267799587619,40.753606946016816,2.040949849799408,False
687,352,353,1.9243969290308989,36.31469336240441,3.1795343716543782,False
688,352,372,1.37530782320145,21.708359747753846,3.8012300492037467,False
689,353,354,1.3914004030763805,42.56557319295946,1.9613038876777409,False
690,353,373,1.5767793237129153,45.419375166319575,2.0829603902814124,False
691,354,355,1.8904931853057612,22.488721569443406,5.043843455844478,False
692,354,374,1.5194155343174378,40.31912122743568,2.2610843015351207,False
693,355,356,1.532710482976197,44.014010972102994,2.089394421173287,False
694,355,375,1.736363347566077,20.110577791004825,5.180447918336968,False
695,356,357,1.9387200415957082,31.86436193880123,3.650573726194584,False
696,356,376,0.9869325034052425,32.53001332826906,1.8203481691430796,False
697,357,358,1.1158165526668198,46.973592914119024,1.425247442374928,False
698,357,377,1.7562653077141368,47.41828371305368,2.2222634437913973,False
699,358,359,1.27626773498966,31.08172854126388,2.4637003053970363,False
700,358,378,1.8677352498550719,30.160990061703345,3.7155317103995453,False
701,359,379,1.5287976091331985,23.851228689986435,3.8458335937427996,False
702,360,361,1.8514564767757866,30.715360155956287,3.616672181035952,False
703,360,380,1.5823943670516363,23.351624561638324,4.065826845258129,False
704,361,362,1.3521754666827261,40.287582989403845,2.013784942678292,False
705,361,381,1.6181979051494575,24.709798461185216,3.9292863704041068,False
706,362,363,1.1259667597897005,47.33615787484176,1.4271966424906612,False
707,362,382,1.7659477206560261,35.06899133060091,3.0213832568062626,False
708,363,364,1.2659797424076782,43.47303785563416,1.7472619419122635,False
709,363,383,1.0619243440339126,20.345089903518403,3.131736499774132,False
710,364,365,1.8610347130918516,47.563430460526234,2.3476456955345455,False
711,364,384,1.7713667518427536,47.19255611519512,2.252092572632327,False
712,365,366,1.7054478710146155,32.04261334946308,3.1934621294736423,False
713,365,385,1.3006205084528368,41.13521015321088,1.8970908430153939,False
714,366,367,1.7060902451666784,47.71626283831272,2.145294049051315,False
715,366,386,0.8749431112906677,47.33893563184404,1.1089515633749603,False
716,367,368,1.9237200842015232,47.5003728366528,2.4299431385310553,False
717,367,387,1.6880197469019558,42.2186350930344,2.398968715850968,False
718,368,369,1.8515616780074102,39.38012649903101,2.8210600258782357,False
719,368,388,1.5172714477403808,38.80701154344763,2.345872130929233,False
720,369,370,1.4840357838546385,24.494658808864962,3.6351658427286484,False
721,369,389,1.2396241628729257,40.81635787096647,1.8222461202321478,False
722,370,371,1.9271734959304205,21.762648111100205,5.313250904279753,False
723,370,390,1.878020546111156,41.3308965469686,2.7263195860902254,False
724,371,372,1.8594604627026179,49.91997540542384,2.2349295418530026,False
725,371,391,0.9901348235494276,49.38319705103457,1.2030020930311776,False
726,372,373,1.779619343791312,32.93631451287998,3.24192801188253,False
727,372,392,1.0121049503056772,41.66192840183198,1.4575968839615774,False
728,373,374,0.8590592404549818,26.692587549939287,1.931006288950662,False
729,373,393,1.0786919543240356,29.02858072536072,2.22957911279825,False
730,374,375,1.601269162461803,36.124359860037885,2.65959452624076,False
731,374,394,1.8446008613679485,45.409002414596195,2.4373151973605434,False
732,375,376,1.4704674528021444,26.958472038450367,3.2727391612659145,False
733,375,395,1.4608969492052681,25.701106627845977,3.4105075015465354,False
734,376,377,0.9766032812987492,41.677585246721854,1.4059403041478713,False
735,376,396,0.9150953598894764,44.170528230482084,1.2430397324403775,False
736,377,378,1.401078848097525,22.63970394095633,3.7131550441246843,False
737,377,397,1.7379180055345502,45.80987242532639,2.2762578197974555,False
738,378,379,1.7267326926774418,34.24753587664411,3.0251508293565026,False
739,378,398,1.6450904276480545,29.957431294910734,3.2948561139035863,False
740,379,399,1.7452231772938678,34.558429452581024,3.0300390468066096,False
741,380,381,1.0644974713288053,48.710557006558794,1.3112116182766778,False
742,381,382,1.3548343574894772,46.807018360640306,1.736706679819727,False
743,382,383,1.111152411588285,37.48202633132573,1.7786963838606062,False
744,383,384,0.9360476224316538,44.31107970822482,1.2674675885966855,False
745,384,385,1.68263230228014,24.918178446621937,4.051577780979207,False
746,385,386,0.8502573904468215,39.08736796323325,1.3051644581133206,False
747,386,387,1.1262547440462733,35.25591391861008,1.916707784083462,True
748,387,388,1.9508371223300398,26.355498789508093,4.4412070617460335,False
749,388,389,1.2445088951708314,21.639379968361503,3.4506780609899246,False
750,389,390,1.7208348589506641,26.01364746350921,3.9690739901766756,False
751,390,391,0.8443155905689889,40.39153488040286,1.2541968406037969,False
752,391,392,1.0989342628603511,39.55745399458339,1.6668427594114046,False
753,392,393,1.0140202279968664,23.541661227059677,2.584406134002081,False
754,393,394,0.8996408635624916,28.422986375604747,1.8991126090845554,False
755,394,395,1.4986712034058742,23.10745630163737,3.89139639736031,False
756,395,396,1.105324822531065,30.67962612520767,2.1616785381022954,False
757,396,397,1.4814904289652153,47.80431572399047,1.8594435333231638,False
758,397,398,1.4993821552279964,24.765910780110005,3.6325306229371868,False
759,398,399,1.1770815001840718,44.837452128012934,1.5751316513125473,False
